GEO.id,GEO.id2,GEO.display-label,HD01_VD01,HD02_VD01,HD01_VD02,HD02_VD02,HD01_VD03,HD02_VD03
Id,Id2,Geography,Estimate; Total:,Margin of Error; Total:,Estimate; Total: - Owner occupied,Margin of Error; Total: - Owner occupied,Estimate; Total: - Renter occupied,Margin of Error; Total: - Renter occupied
1400000US25017300100,25017300100,"Census Tract 3001, Middlesex County, Massachusetts",1073,64,954,79,119,49
1400000US25017301101,25017301101,"Census Tract 3011.01, Middlesex County, Massachusetts",1544,85,1173,96,371,91
1400000US25017301102,25017301102,"Census Tract 3011.02, Middlesex County, Massachusetts",1744,74,1550,107,194,79
1400000US25017310100,25017310100,"Census Tract 3101, Middlesex County, Massachusetts",2658,171,606,122,2052,175
1400000US25017310200,25017310200,"Census Tract 3102, Middlesex County, Massachusetts",2181,135,1403,206,778,207
1400000US25017310300,25017310300,"Census Tract 3103, Middlesex County, Massachusetts",2188,184,991,148,1197,199
1400000US25017310400,25017310400,"Census Tract 3104, Middlesex County, Massachusetts",1132,92,429,93,703,118
1400000US25017310500,25017310500,"Census Tract 3105, Middlesex County, Massachusetts",1161,87,528,93,633,115
1400000US25017310601,25017310601,"Census Tract 3106.01, Middlesex County, Massachusetts",2056,98,1444,120,612,143
1400000US25017310602,25017310602,"Census Tract 3106.02, Middlesex County, Massachusetts",2142,147,1299,181,843,183
1400000US25017310700,25017310700,"Census Tract 3107, Middlesex County, Massachusetts",1426,98,309,87,1117,131
1400000US25017311100,25017311100,"Census Tract 3111, Middlesex County, Massachusetts",795,51,90,39,705,58
1400000US25017311200,25017311200,"Census Tract 3112, Middlesex County, Massachusetts",1039,80,312,74,727,103
1400000US25017311300,25017311300,"Census Tract 3113, Middlesex County, Massachusetts",1303,94,507,115,796,115
1400000US25017311400,25017311400,"Census Tract 3114, Middlesex County, Massachusetts",2366,123,676,171,1690,198
1400000US25017311500,25017311500,"Census Tract 3115, Middlesex County, Massachusetts",1000,76,549,95,451,107
1400000US25017311600,25017311600,"Census Tract 3116, Middlesex County, Massachusetts",1888,75,1332,118,556,114
1400000US25017311700,25017311700,"Census Tract 3117, Middlesex County, Massachusetts",1535,84,654,108,881,132
1400000US25017311800,25017311800,"Census Tract 3118, Middlesex County, Massachusetts",1029,81,378,81,651,93
1400000US25017311900,25017311900,"Census Tract 3119, Middlesex County, Massachusetts",1090,88,194,69,896,102
1400000US25017312000,25017312000,"Census Tract 3120, Middlesex County, Massachusetts",956,81,245,52,711,84
1400000US25017312100,25017312100,"Census Tract 3121, Middlesex County, Massachusetts",1157,73,400,109,757,116
1400000US25017312200,25017312200,"Census Tract 3122, Middlesex County, Massachusetts",1608,105,952,107,656,118
1400000US25017312300,25017312300,"Census Tract 3123, Middlesex County, Massachusetts",1967,138,1097,169,870,191
1400000US25017312400,25017312400,"Census Tract 3124, Middlesex County, Massachusetts",922,75,175,46,747,80
1400000US25017312501,25017312501,"Census Tract 3125.01, Middlesex County, Massachusetts",1624,96,1202,108,422,115
1400000US25017312502,25017312502,"Census Tract 3125.02, Middlesex County, Massachusetts",1559,107,1195,122,364,102
1400000US25017313101,25017313101,"Census Tract 3131.01, Middlesex County, Massachusetts",2006,84,1809,114,197,71
1400000US25017313102,25017313102,"Census Tract 3131.02, Middlesex County, Massachusetts",2108,81,1739,140,369,128
1400000US25017314101,25017314101,"Census Tract 3141.01, Middlesex County, Massachusetts",2127,130,1670,152,457,130
1400000US25017314102,25017314102,"Census Tract 3141.02, Middlesex County, Massachusetts",2842,143,2260,182,582,185
1400000US25017314200,25017314200,"Census Tract 3142, Middlesex County, Massachusetts",1992,129,1508,160,484,163
1400000US25017314301,25017314301,"Census Tract 3143.01, Middlesex County, Massachusetts",3043,125,2399,195,644,172
1400000US25017314302,25017314302,"Census Tract 3143.02, Middlesex County, Massachusetts",964,42,882,61,82,50
1400000US25017315100,25017315100,"Census Tract 3151, Middlesex County, Massachusetts",2254,99,1874,128,380,89
1400000US25017315200,25017315200,"Census Tract 3152, Middlesex County, Massachusetts",3136,157,2427,165,709,146
1400000US25017315401,25017315401,"Census Tract 3154.01, Middlesex County, Massachusetts",1476,58,1105,111,371,98
1400000US25017315402,25017315402,"Census Tract 3154.02, Middlesex County, Massachusetts",1015,65,979,67,36,27
1400000US25017315403,25017315403,"Census Tract 3154.03, Middlesex County, Massachusetts",567,43,524,41,43,36
1400000US25017315500,25017315500,"Census Tract 3155, Middlesex County, Massachusetts",2705,115,2568,131,137,72
1400000US25017316101,25017316101,"Census Tract 3161.01, Middlesex County, Massachusetts",1701,61,1588,85,113,65
1400000US25017316102,25017316102,"Census Tract 3161.02, Middlesex County, Massachusetts",2318,90,1811,156,507,148
1400000US25017316201,25017316201,"Census Tract 3162.01, Middlesex County, Massachusetts",1425,60,1381,77,44,35
1400000US25017316202,25017316202,"Census Tract 3162.02, Middlesex County, Massachusetts",1487,51,1434,64,53,35
1400000US25017316300,25017316300,"Census Tract 3163, Middlesex County, Massachusetts",3289,153,2053,182,1236,179
1400000US25017316400,25017316400,"Census Tract 3164, Middlesex County, Massachusetts",1925,87,1814,112,111,67
1400000US25017316500,25017316500,"Census Tract 3165, Middlesex County, Massachusetts",2290,129,1851,141,439,118
1400000US25017317101,25017317101,"Census Tract 3171.01, Middlesex County, Massachusetts",2764,126,2161,173,603,155
1400000US25017317102,25017317102,"Census Tract 3171.02, Middlesex County, Massachusetts",1702,52,1265,105,437,99
1400000US25017317103,25017317103,"Census Tract 3171.03, Middlesex County, Massachusetts",1758,64,1704,75,54,45
1400000US25017317201,25017317201,"Census Tract 3172.01, Middlesex County, Massachusetts",976,66,958,69,18,20
1400000US25017317202,25017317202,"Census Tract 3172.02, Middlesex County, Massachusetts",1269,42,1200,59,69,47
1400000US25017317203,25017317203,"Census Tract 3172.03, Middlesex County, Massachusetts",1599,68,1353,83,246,71
1400000US25017317301,25017317301,"Census Tract 3173.01, Middlesex County, Massachusetts",1203,72,758,88,445,103
1400000US25017317302,25017317302,"Census Tract 3173.02, Middlesex County, Massachusetts",2567,96,2021,176,546,175
1400000US25017318100,25017318100,"Census Tract 3181, Middlesex County, Massachusetts",2285,121,2259,129,26,29
1400000US25017318200,25017318200,"Census Tract 3182, Middlesex County, Massachusetts",1412,86,1176,91,236,80
1400000US25017318300,25017318300,"Census Tract 3183, Middlesex County, Massachusetts",2642,78,2531,107,111,85
1400000US25017318400,25017318400,"Census Tract 3184, Middlesex County, Massachusetts",1399,55,1136,71,263,66
1400000US25017320102,25017320102,"Census Tract 3201.02, Middlesex County, Massachusetts",1753,63,1578,104,175,98
1400000US25017320103,25017320103,"Census Tract 3201.03, Middlesex County, Massachusetts",1060,70,845,74,215,94
1400000US25017320104,25017320104,"Census Tract 3201.04, Middlesex County, Massachusetts",2406,103,2066,118,340,122
1400000US25017321100,25017321100,"Census Tract 3211, Middlesex County, Massachusetts",2870,203,1820,197,1050,206
1400000US25017321200,25017321200,"Census Tract 3212, Middlesex County, Massachusetts",2716,169,1576,169,1140,192
1400000US25017321300,25017321300,"Census Tract 3213, Middlesex County, Massachusetts",3186,168,1319,220,1867,244
1400000US25017321400,25017321400,"Census Tract 3214, Middlesex County, Massachusetts",1179,83,844,76,335,72
1400000US25017321500,25017321500,"Census Tract 3215, Middlesex County, Massachusetts",2768,164,1426,179,1342,215
1400000US25017321600,25017321600,"Census Tract 3216, Middlesex County, Massachusetts",3021,145,1809,171,1212,191
1400000US25017322100,25017322100,"Census Tract 3221, Middlesex County, Massachusetts",1759,88,1695,91,64,36
1400000US25017322200,25017322200,"Census Tract 3222, Middlesex County, Massachusetts",1635,72,1178,113,457,97
1400000US25017322300,25017322300,"Census Tract 3223, Middlesex County, Massachusetts",2503,94,1686,145,817,138
1400000US25017322400,25017322400,"Census Tract 3224, Middlesex County, Massachusetts",1760,91,1199,97,561,113
1400000US25017323100,25017323100,"Census Tract 3231, Middlesex County, Massachusetts",2460,104,2267,117,193,77
1400000US25017324101,25017324101,"Census Tract 3241.01, Middlesex County, Massachusetts",1678,91,1473,92,205,88
1400000US25017324102,25017324102,"Census Tract 3241.02, Middlesex County, Massachusetts",1668,74,1348,82,320,88
1400000US25017325100,25017325100,"Census Tract 3251, Middlesex County, Massachusetts",3229,162,1918,226,1311,218
1400000US25017326101,25017326101,"Census Tract 3261.01, Middlesex County, Massachusetts",1474,93,1212,116,262,87
1400000US25017326102,25017326102,"Census Tract 3261.02, Middlesex County, Massachusetts",2540,109,2188,148,352,119
1400000US25017327101,25017327101,"Census Tract 3271.01, Middlesex County, Massachusetts",1293,68,1234,97,59,60
1400000US25017327102,25017327102,"Census Tract 3271.02, Middlesex County, Massachusetts",1499,83,874,119,625,118
1400000US25017327103,25017327103,"Census Tract 3271.03, Middlesex County, Massachusetts",1411,84,1076,86,335,83
1400000US25017328100,25017328100,"Census Tract 3281, Middlesex County, Massachusetts",1140,52,1092,60,48,34
1400000US25017330100,25017330100,"Census Tract 3301, Middlesex County, Massachusetts",2779,146,2623,167,156,87
1400000US25017330200,25017330200,"Census Tract 3302, Middlesex County, Massachusetts",2645,145,2020,180,625,146
1400000US25017331101,25017331101,"Census Tract 3311.01, Middlesex County, Massachusetts",1146,39,874,66,272,48
1400000US25017331102,25017331102,"Census Tract 3311.02, Middlesex County, Massachusetts",2412,111,1967,159,445,132
1400000US25017331200,25017331200,"Census Tract 3312, Middlesex County, Massachusetts",1753,82,1537,88,216,53
1400000US25017331300,25017331300,"Census Tract 3313, Middlesex County, Massachusetts",2274,96,2156,111,118,76
1400000US25017332100,25017332100,"Census Tract 3321, Middlesex County, Massachusetts",1913,90,1814,107,99,82
1400000US25017332200,25017332200,"Census Tract 3322, Middlesex County, Massachusetts",3398,149,1811,162,1587,198
1400000US25017332300,25017332300,"Census Tract 3323, Middlesex County, Massachusetts",2531,91,2011,147,520,151
1400000US25017332400,25017332400,"Census Tract 3324, Middlesex County, Massachusetts",1581,58,855,86,726,95
1400000US25017333100,25017333100,"Census Tract 3331, Middlesex County, Massachusetts",2944,139,2087,135,857,134
1400000US25017333200,25017333200,"Census Tract 3332, Middlesex County, Massachusetts",2019,112,1330,156,689,148
1400000US25017333300,25017333300,"Census Tract 3333, Middlesex County, Massachusetts",1691,94,844,131,847,134
1400000US25017333400,25017333400,"Census Tract 3334, Middlesex County, Massachusetts",2399,122,1648,145,751,164
1400000US25017333501,25017333501,"Census Tract 3335.01, Middlesex County, Massachusetts",1928,80,1502,109,426,96
1400000US25017333502,25017333502,"Census Tract 3335.02, Middlesex County, Massachusetts",1307,77,649,80,658,117
1400000US25017333600,25017333600,"Census Tract 3336, Middlesex County, Massachusetts",2626,155,1094,150,1532,196
1400000US25017334100,25017334100,"Census Tract 3341, Middlesex County, Massachusetts",2500,130,1816,143,684,154
1400000US25017334200,25017334200,"Census Tract 3342, Middlesex County, Massachusetts",1532,106,1119,109,413,98
1400000US25017334300,25017334300,"Census Tract 3343, Middlesex County, Massachusetts",2600,84,2361,136,239,99
1400000US25017334400,25017334400,"Census Tract 3344, Middlesex County, Massachusetts",2662,174,2109,158,553,154
1400000US25017335100,25017335100,"Census Tract 3351, Middlesex County, Massachusetts",2396,139,1559,176,837,176
1400000US25017335200,25017335200,"Census Tract 3352, Middlesex County, Massachusetts",2285,98,1852,133,433,129
1400000US25017335301,25017335301,"Census Tract 3353.01, Middlesex County, Massachusetts",1670,101,1056,131,614,115
1400000US25017335302,25017335302,"Census Tract 3353.02, Middlesex County, Massachusetts",1852,101,1371,97,481,101
1400000US25017335400,25017335400,"Census Tract 3354, Middlesex County, Massachusetts",1748,100,1511,104,237,72
1400000US25017336100,25017336100,"Census Tract 3361, Middlesex County, Massachusetts",2341,116,1624,142,717,131
1400000US25017336200,25017336200,"Census Tract 3362, Middlesex County, Massachusetts",2173,97,1887,133,286,114
1400000US25017336300,25017336300,"Census Tract 3363, Middlesex County, Massachusetts",2546,92,2078,130,468,121
1400000US25017336401,25017336401,"Census Tract 3364.01, Middlesex County, Massachusetts",2092,114,870,151,1222,166
1400000US25017336402,25017336402,"Census Tract 3364.02, Middlesex County, Massachusetts",2152,83,1133,152,1019,179
1400000US25017337101,25017337101,"Census Tract 3371.01, Middlesex County, Massachusetts",1275,58,880,67,395,74
1400000US25017337102,25017337102,"Census Tract 3371.02, Middlesex County, Massachusetts",1941,85,1699,116,242,94
1400000US25017337201,25017337201,"Census Tract 3372.01, Middlesex County, Massachusetts",1499,70,773,92,726,85
1400000US25017337202,25017337202,"Census Tract 3372.02, Middlesex County, Massachusetts",2023,125,1450,136,573,140
1400000US25017337300,25017337300,"Census Tract 3373, Middlesex County, Massachusetts",2294,150,1259,163,1035,168
1400000US25017338100,25017338100,"Census Tract 3381, Middlesex County, Massachusetts",974,66,855,91,119,66
1400000US25017338200,25017338200,"Census Tract 3382, Middlesex County, Massachusetts",1558,55,1183,95,375,79
1400000US25017338300,25017338300,"Census Tract 3383, Middlesex County, Massachusetts",1107,87,790,75,317,74
1400000US25017338400,25017338400,"Census Tract 3384, Middlesex County, Massachusetts",1932,80,1844,87,88,46
1400000US25017338500,25017338500,"Census Tract 3385, Middlesex County, Massachusetts",1993,73,1702,95,291,81
1400000US25017339100,25017339100,"Census Tract 3391, Middlesex County, Massachusetts",2761,134,1683,166,1078,174
1400000US25017339200,25017339200,"Census Tract 3392, Middlesex County, Massachusetts",2052,117,1724,143,328,125
1400000US25017339300,25017339300,"Census Tract 3393, Middlesex County, Massachusetts",1159,82,757,102,402,92
1400000US25017339400,25017339400,"Census Tract 3394, Middlesex County, Massachusetts",1429,91,650,106,779,130
1400000US25017339500,25017339500,"Census Tract 3395, Middlesex County, Massachusetts",1512,70,799,109,713,105
1400000US25017339600,25017339600,"Census Tract 3396, Middlesex County, Massachusetts",2089,146,910,155,1179,162
1400000US25017339700,25017339700,"Census Tract 3397, Middlesex County, Massachusetts",1625,50,688,116,937,121
1400000US25017339801,25017339801,"Census Tract 3398.01, Middlesex County, Massachusetts",2323,77,847,159,1476,167
1400000US25017339802,25017339802,"Census Tract 3398.02, Middlesex County, Massachusetts",1707,94,856,119,851,110
1400000US25017339900,25017339900,"Census Tract 3399, Middlesex County, Massachusetts",1973,129,917,162,1056,146
1400000US25017340000,25017340000,"Census Tract 3400, Middlesex County, Massachusetts",1062,50,602,88,460,89
1400000US25017340100,25017340100,"Census Tract 3401, Middlesex County, Massachusetts",2434,69,2300,108,134,92
1400000US25017341101,25017341101,"Census Tract 3411.01, Middlesex County, Massachusetts",1243,91,893,99,350,91
1400000US25017341102,25017341102,"Census Tract 3411.02, Middlesex County, Massachusetts",2130,139,685,139,1445,172
1400000US25017341200,25017341200,"Census Tract 3412, Middlesex County, Massachusetts",2546,124,934,166,1612,189
1400000US25017341300,25017341300,"Census Tract 3413, Middlesex County, Massachusetts",2419,146,529,137,1890,161
1400000US25017341400,25017341400,"Census Tract 3414, Middlesex County, Massachusetts",2227,137,1047,197,1180,207
1400000US25017341500,25017341500,"Census Tract 3415, Middlesex County, Massachusetts",1687,88,669,131,1018,157
1400000US25017341600,25017341600,"Census Tract 3416, Middlesex County, Massachusetts",2474,110,1226,169,1248,167
1400000US25017341700,25017341700,"Census Tract 3417, Middlesex County, Massachusetts",2030,96,1173,152,857,142
1400000US25017341800,25017341800,"Census Tract 3418, Middlesex County, Massachusetts",2318,157,737,167,1581,183
1400000US25017341901,25017341901,"Census Tract 3419.01, Middlesex County, Massachusetts",471,55,333,77,138,69
1400000US25017341902,25017341902,"Census Tract 3419.02, Middlesex County, Massachusetts",3306,142,1237,203,2069,236
1400000US25017342101,25017342101,"Census Tract 3421.01, Middlesex County, Massachusetts",1499,104,780,156,719,132
1400000US25017342102,25017342102,"Census Tract 3421.02, Middlesex County, Massachusetts",1555,94,595,111,960,135
1400000US25017342201,25017342201,"Census Tract 3422.01, Middlesex County, Massachusetts",1864,104,916,151,948,152
1400000US25017342202,25017342202,"Census Tract 3422.02, Middlesex County, Massachusetts",1409,90,667,138,742,155
1400000US25017342300,25017342300,"Census Tract 3423, Middlesex County, Massachusetts",2523,143,935,160,1588,207
1400000US25017342400,25017342400,"Census Tract 3424, Middlesex County, Massachusetts",2413,149,668,180,1745,212
1400000US25017342500,25017342500,"Census Tract 3425, Middlesex County, Massachusetts",2501,138,863,206,1638,215
1400000US25017342600,25017342600,"Census Tract 3426, Middlesex County, Massachusetts",1586,88,540,104,1046,126
1400000US25017350103,25017350103,"Census Tract 3501.03, Middlesex County, Massachusetts",507,16,220,58,287,61
1400000US25017350104,25017350104,"Census Tract 3501.04, Middlesex County, Massachusetts",2742,151,714,162,2028,205
1400000US25017350200,25017350200,"Census Tract 3502, Middlesex County, Massachusetts",2480,146,1118,190,1362,217
1400000US25017350300,25017350300,"Census Tract 3503, Middlesex County, Massachusetts",1098,51,572,94,526,89
1400000US25017350400,25017350400,"Census Tract 3504, Middlesex County, Massachusetts",2427,88,920,174,1507,187
1400000US25017350500,25017350500,"Census Tract 3505, Middlesex County, Massachusetts",705,44,282,55,423,56
1400000US25017350600,25017350600,"Census Tract 3506, Middlesex County, Massachusetts",992,65,339,69,653,80
1400000US25017350700,25017350700,"Census Tract 3507, Middlesex County, Massachusetts",3006,125,791,138,2215,145
1400000US25017350800,25017350800,"Census Tract 3508, Middlesex County, Massachusetts",900,44,537,72,363,71
1400000US25017350900,25017350900,"Census Tract 3509, Middlesex County, Massachusetts",1610,44,544,88,1066,84
1400000US25017351000,25017351000,"Census Tract 3510, Middlesex County, Massachusetts",2980,114,978,173,2002,181
1400000US25017351100,25017351100,"Census Tract 3511, Middlesex County, Massachusetts",2581,131,905,115,1676,175
1400000US25017351203,25017351203,"Census Tract 3512.03, Middlesex County, Massachusetts",1888,78,591,125,1297,140
1400000US25017351204,25017351204,"Census Tract 3512.04, Middlesex County, Massachusetts",1712,106,505,92,1207,122
1400000US25017351300,25017351300,"Census Tract 3513, Middlesex County, Massachusetts",1946,90,452,128,1494,136
1400000US25017351403,25017351403,"Census Tract 3514.03, Middlesex County, Massachusetts",1556,98,591,119,965,122
1400000US25017351404,25017351404,"Census Tract 3514.04, Middlesex County, Massachusetts",1529,92,496,103,1033,127
1400000US25017351500,25017351500,"Census Tract 3515, Middlesex County, Massachusetts",1125,76,338,69,787,86
1400000US25017352101,25017352101,"Census Tract 3521.01, Middlesex County, Massachusetts",1131,113,399,94,732,119
1400000US25017352102,25017352102,"Census Tract 3521.02, Middlesex County, Massachusetts",1316,90,648,120,668,102
1400000US25017352200,25017352200,"Census Tract 3522, Middlesex County, Massachusetts",1098,85,297,73,801,105
1400000US25017352300,25017352300,"Census Tract 3523, Middlesex County, Massachusetts",1772,132,271,87,1501,144
1400000US25017352400,25017352400,"Census Tract 3524, Middlesex County, Massachusetts",728,61,127,39,601,65
1400000US25017352500,25017352500,"Census Tract 3525, Middlesex County, Massachusetts",1165,101,459,106,706,107
1400000US25017352600,25017352600,"Census Tract 3526, Middlesex County, Massachusetts",1047,57,299,80,748,92
1400000US25017352700,25017352700,"Census Tract 3527, Middlesex County, Massachusetts",1022,52,192,62,830,71
1400000US25017352800,25017352800,"Census Tract 3528, Middlesex County, Massachusetts",889,58,341,67,548,73
1400000US25017352900,25017352900,"Census Tract 3529, Middlesex County, Massachusetts",1346,91,681,88,665,100
1400000US25017353000,25017353000,"Census Tract 3530, Middlesex County, Massachusetts",1761,109,429,101,1332,123
1400000US25017353101,25017353101,"Census Tract 3531.01, Middlesex County, Massachusetts",932,76,116,38,816,83
1400000US25017353102,25017353102,"Census Tract 3531.02, Middlesex County, Massachusetts",284,25,0,12,284,25
1400000US25017353200,25017353200,"Census Tract 3532, Middlesex County, Massachusetts",1673,70,654,101,1019,119
1400000US25017353300,25017353300,"Census Tract 3533, Middlesex County, Massachusetts",1591,120,680,109,911,108
1400000US25017353400,25017353400,"Census Tract 3534, Middlesex County, Massachusetts",1230,83,520,93,710,101
1400000US25017353500,25017353500,"Census Tract 3535, Middlesex County, Massachusetts",1255,93,417,93,838,123
1400000US25017353600,25017353600,"Census Tract 3536, Middlesex County, Massachusetts",1410,80,532,98,878,105
1400000US25017353700,25017353700,"Census Tract 3537, Middlesex County, Massachusetts",1539,127,398,74,1141,116
1400000US25017353800,25017353800,"Census Tract 3538, Middlesex County, Massachusetts",2583,192,710,167,1873,213
1400000US25017353900,25017353900,"Census Tract 3539, Middlesex County, Massachusetts",1462,113,175,79,1287,127
1400000US25017354000,25017354000,"Census Tract 3540, Middlesex County, Massachusetts",1855,133,718,110,1137,129
1400000US25017354100,25017354100,"Census Tract 3541, Middlesex County, Massachusetts",1400,133,666,92,734,120
1400000US25017354200,25017354200,"Census Tract 3542, Middlesex County, Massachusetts",1418,49,1078,97,340,93
1400000US25017354300,25017354300,"Census Tract 3543, Middlesex County, Massachusetts",1633,94,690,107,943,115
1400000US25017354400,25017354400,"Census Tract 3544, Middlesex County, Massachusetts",737,67,495,61,242,59
1400000US25017354500,25017354500,"Census Tract 3545, Middlesex County, Massachusetts",1197,69,435,85,762,87
1400000US25017354600,25017354600,"Census Tract 3546, Middlesex County, Massachusetts",2415,99,1001,179,1414,193
1400000US25017354700,25017354700,"Census Tract 3547, Middlesex County, Massachusetts",1179,81,618,90,561,95
1400000US25017354800,25017354800,"Census Tract 3548, Middlesex County, Massachusetts",946,54,498,65,448,68
1400000US25017354900,25017354900,"Census Tract 3549, Middlesex County, Massachusetts",2613,129,659,128,1954,163
1400000US25017355000,25017355000,"Census Tract 3550, Middlesex County, Massachusetts",1386,74,690,103,696,110
1400000US25017356100,25017356100,"Census Tract 3561, Middlesex County, Massachusetts",1318,72,617,99,701,100
1400000US25017356300,25017356300,"Census Tract 3563, Middlesex County, Massachusetts",2254,124,954,178,1300,188
1400000US25017356400,25017356400,"Census Tract 3564, Middlesex County, Massachusetts",2829,111,2309,139,520,115
1400000US25017356500,25017356500,"Census Tract 3565, Middlesex County, Massachusetts",2829,108,2117,133,712,149
1400000US25017356601,25017356601,"Census Tract 3566.01, Middlesex County, Massachusetts",1927,103,1189,101,738,112
1400000US25017356602,25017356602,"Census Tract 3566.02, Middlesex County, Massachusetts",1732,73,1356,86,376,93
1400000US25017356701,25017356701,"Census Tract 3567.01, Middlesex County, Massachusetts",2885,166,970,171,1915,200
1400000US25017356702,25017356702,"Census Tract 3567.02, Middlesex County, Massachusetts",2952,118,1945,155,1007,178
1400000US25017357100,25017357100,"Census Tract 3571, Middlesex County, Massachusetts",1675,57,1191,72,484,74
1400000US25017357200,25017357200,"Census Tract 3572, Middlesex County, Massachusetts",1080,68,805,71,275,72
1400000US25017357300,25017357300,"Census Tract 3573, Middlesex County, Massachusetts",1191,87,615,99,576,111
1400000US25017357400,25017357400,"Census Tract 3574, Middlesex County, Massachusetts",875,53,556,57,319,64
1400000US25017357500,25017357500,"Census Tract 3575, Middlesex County, Massachusetts",832,49,424,75,408,78
1400000US25017357600,25017357600,"Census Tract 3576, Middlesex County, Massachusetts",952,66,458,96,494,91
1400000US25017357700,25017357700,"Census Tract 3577, Middlesex County, Massachusetts",1455,101,731,110,724,134
1400000US25017357800,25017357800,"Census Tract 3578, Middlesex County, Massachusetts",1232,71,971,92,261,72
1400000US25017358100,25017358100,"Census Tract 3581, Middlesex County, Massachusetts",1821,72,1571,88,250,67
1400000US25017358300,25017358300,"Census Tract 3583, Middlesex County, Massachusetts",2152,134,1487,143,665,135
1400000US25017358400,25017358400,"Census Tract 3584, Middlesex County, Massachusetts",1876,89,1450,112,426,100
1400000US25017358500,25017358500,"Census Tract 3585, Middlesex County, Massachusetts",1743,88,1517,111,226,74
1400000US25017358600,25017358600,"Census Tract 3586, Middlesex County, Massachusetts",2101,118,1753,110,348,102
1400000US25017358700,25017358700,"Census Tract 3587, Middlesex County, Massachusetts",1901,60,1721,89,180,73
1400000US25017359100,25017359100,"Census Tract 3591, Middlesex County, Massachusetts",2516,152,1574,126,942,126
1400000US25017359300,25017359300,"Census Tract 3593, Middlesex County, Massachusetts",2496,145,1951,159,545,123
1400000US25017360100,25017360100,"Census Tract 3601, Middlesex County, Massachusetts",499,59,0,12,499,59
1400000US25017360200,25017360200,"Census Tract 3602, Middlesex County, Massachusetts",2003,129,1701,144,302,81
1400000US25017361100,25017361100,"Census Tract 3611, Middlesex County, Massachusetts",2303,129,1898,126,405,97
1400000US25017361200,25017361200,"Census Tract 3612, Middlesex County, Massachusetts",2172,117,1452,118,720,129
1400000US25017361300,25017361300,"Census Tract 3613, Middlesex County, Massachusetts",2259,154,1861,167,398,139
1400000US25017362100,25017362100,"Census Tract 3621, Middlesex County, Massachusetts",1724,68,1626,89,98,63
1400000US25017363102,25017363102,"Census Tract 3631.02, Middlesex County, Massachusetts",2613,149,1355,158,1258,168
1400000US25017363103,25017363103,"Census Tract 3631.03, Middlesex County, Massachusetts",1219,77,1060,83,159,81
1400000US25017363104,25017363104,"Census Tract 3631.04, Middlesex County, Massachusetts",2208,98,1859,161,349,142
1400000US25017363201,25017363201,"Census Tract 3632.01, Middlesex County, Massachusetts",1178,48,1030,64,148,46
1400000US25017363202,25017363202,"Census Tract 3632.02, Middlesex County, Massachusetts",1271,73,1056,73,215,54
1400000US25017364101,25017364101,"Census Tract 3641.01, Middlesex County, Massachusetts",2286,121,1611,154,675,143
1400000US25017364102,25017364102,"Census Tract 3641.02, Middlesex County, Massachusetts",1971,124,1260,179,711,171
1400000US25017365100,25017365100,"Census Tract 3651, Middlesex County, Massachusetts",2517,97,2466,99,51,37
1400000US25017365201,25017365201,"Census Tract 3652.01, Middlesex County, Massachusetts",1918,78,1856,81,62,31
1400000US25017365202,25017365202,"Census Tract 3652.02, Middlesex County, Massachusetts",1576,68,1368,62,208,53
1400000US25017366100,25017366100,"Census Tract 3661, Middlesex County, Massachusetts",1842,96,1463,119,379,95
1400000US25017366201,25017366201,"Census Tract 3662.01, Middlesex County, Massachusetts",1292,84,1230,94,62,49
1400000US25017366202,25017366202,"Census Tract 3662.02, Middlesex County, Massachusetts",2019,85,1797,105,222,87
1400000US25017367100,25017367100,"Census Tract 3671, Middlesex County, Massachusetts",1349,86,1093,94,256,76
1400000US25017367200,25017367200,"Census Tract 3672, Middlesex County, Massachusetts",2419,137,2167,151,252,107
1400000US25017368101,25017368101,"Census Tract 3681.01, Middlesex County, Massachusetts",2507,146,1278,193,1229,170
1400000US25017368102,25017368102,"Census Tract 3681.02, Middlesex County, Massachusetts",1393,81,1213,77,180,65
1400000US25017368200,25017368200,"Census Tract 3682, Middlesex County, Massachusetts",1754,93,1154,86,600,114
1400000US25017368300,25017368300,"Census Tract 3683, Middlesex County, Massachusetts",2484,160,826,140,1658,206
1400000US25017368400,25017368400,"Census Tract 3684, Middlesex County, Massachusetts",2467,145,1057,178,1410,211
1400000US25017368500,25017368500,"Census Tract 3685, Middlesex County, Massachusetts",1486,117,255,71,1231,119
1400000US25017368600,25017368600,"Census Tract 3686, Middlesex County, Massachusetts",2437,161,837,182,1600,212
1400000US25017368700,25017368700,"Census Tract 3687, Middlesex County, Massachusetts",1046,68,202,75,844,100
1400000US25017368800,25017368800,"Census Tract 3688, Middlesex County, Massachusetts",1982,103,813,103,1169,113
1400000US25017368901,25017368901,"Census Tract 3689.01, Middlesex County, Massachusetts",2212,141,1666,150,546,132
1400000US25017368902,25017368902,"Census Tract 3689.02, Middlesex County, Massachusetts",1592,92,307,82,1285,98
1400000US25017369000,25017369000,"Census Tract 3690, Middlesex County, Massachusetts",594,31,486,56,108,48
1400000US25017369100,25017369100,"Census Tract 3691, Middlesex County, Massachusetts",1919,102,1668,102,251,78
1400000US25017370101,25017370101,"Census Tract 3701.01, Middlesex County, Massachusetts",2758,137,1675,202,1083,203
1400000US25017370102,25017370102,"Census Tract 3701.02, Middlesex County, Massachusetts",3309,186,1503,204,1806,232
1400000US25017370201,25017370201,"Census Tract 3702.01, Middlesex County, Massachusetts",1679,108,1036,121,643,119
1400000US25017370202,25017370202,"Census Tract 3702.02, Middlesex County, Massachusetts",1816,87,1141,132,675,143
1400000US25017370300,25017370300,"Census Tract 3703, Middlesex County, Massachusetts",2615,171,1210,194,1405,190
1400000US25017370400,25017370400,"Census Tract 3704, Middlesex County, Massachusetts",2272,139,1025,153,1247,163
1400000US25017373100,25017373100,"Census Tract 3731, Middlesex County, Massachusetts",2070,113,1013,148,1057,159
1400000US25017373200,25017373200,"Census Tract 3732, Middlesex County, Massachusetts",1915,105,976,124,939,159
1400000US25017373300,25017373300,"Census Tract 3733, Middlesex County, Massachusetts",1149,69,614,106,535,90
1400000US25017373400,25017373400,"Census Tract 3734, Middlesex County, Massachusetts",1409,45,798,100,611,94
1400000US25017373500,25017373500,"Census Tract 3735, Middlesex County, Massachusetts",1882,78,1613,97,269,84
1400000US25017373600,25017373600,"Census Tract 3736, Middlesex County, Massachusetts",935,77,735,73,200,61
1400000US25017373700,25017373700,"Census Tract 3737, Middlesex County, Massachusetts",1303,62,1160,72,143,62
1400000US25017373800,25017373800,"Census Tract 3738, Middlesex County, Massachusetts",2299,140,1643,178,656,146
1400000US25017373900,25017373900,"Census Tract 3739, Middlesex County, Massachusetts",2650,74,2193,160,457,150
1400000US25017374000,25017374000,"Census Tract 3740, Middlesex County, Massachusetts",1748,73,1502,108,246,94
1400000US25017374100,25017374100,"Census Tract 3741, Middlesex County, Massachusetts",1954,84,1175,133,779,128
1400000US25017374200,25017374200,"Census Tract 3742, Middlesex County, Massachusetts",1584,70,1234,108,350,94
1400000US25017374300,25017374300,"Census Tract 3743, Middlesex County, Massachusetts",1303,60,1063,74,240,59
1400000US25017374400,25017374400,"Census Tract 3744, Middlesex County, Massachusetts",2181,84,1621,105,560,103
1400000US25017374500,25017374500,"Census Tract 3745, Middlesex County, Massachusetts",1671,63,1182,115,489,100
1400000US25017374600,25017374600,"Census Tract 3746, Middlesex County, Massachusetts",1936,69,1343,96,593,108
1400000US25017374700,25017374700,"Census Tract 3747, Middlesex County, Massachusetts",1809,62,999,120,810,117
1400000US25017374800,25017374800,"Census Tract 3748, Middlesex County, Massachusetts",1377,79,878,80,499,89
1400000US25017382100,25017382100,"Census Tract 3821, Middlesex County, Massachusetts",1872,71,1661,99,211,93
1400000US25017382200,25017382200,"Census Tract 3822, Middlesex County, Massachusetts",2003,113,1556,104,447,128
1400000US25017382300,25017382300,"Census Tract 3823, Middlesex County, Massachusetts",2179,108,1745,138,434,124
1400000US25017382400,25017382400,"Census Tract 3824, Middlesex County, Massachusetts",1973,87,1379,104,594,121
1400000US25017382500,25017382500,"Census Tract 3825, Middlesex County, Massachusetts",1845,110,1067,101,778,116
1400000US25017382601,25017382601,"Census Tract 3826.01, Middlesex County, Massachusetts",2313,99,1377,162,936,164
1400000US25017382602,25017382602,"Census Tract 3826.02, Middlesex County, Massachusetts",1859,76,1520,104,339,94
1400000US25017383101,25017383101,"Census Tract 3831.01, Middlesex County, Massachusetts",1306,62,335,98,971,103
1400000US25017383102,25017383102,"Census Tract 3831.02, Middlesex County, Massachusetts",1819,73,156,52,1663,92
1400000US25017383200,25017383200,"Census Tract 3832, Middlesex County, Massachusetts",2016,125,990,158,1026,194
1400000US25017383300,25017383300,"Census Tract 3833, Middlesex County, Massachusetts",1267,68,520,77,747,96
1400000US25017383400,25017383400,"Census Tract 3834, Middlesex County, Massachusetts",2201,141,818,147,1383,178
1400000US25017383501,25017383501,"Census Tract 3835.01, Middlesex County, Massachusetts",2073,88,460,123,1613,141
1400000US25017383502,25017383502,"Census Tract 3835.02, Middlesex County, Massachusetts",980,84,682,70,298,87
1400000US25017383600,25017383600,"Census Tract 3836, Middlesex County, Massachusetts",2448,88,1367,129,1081,144
1400000US25017383700,25017383700,"Census Tract 3837, Middlesex County, Massachusetts",2014,103,1694,144,320,117
1400000US25017383800,25017383800,"Census Tract 3838, Middlesex County, Massachusetts",2257,55,1964,113,293,103
1400000US25017383901,25017383901,"Census Tract 3839.01, Middlesex County, Massachusetts",3058,84,2621,150,437,136
1400000US25017383902,25017383902,"Census Tract 3839.02, Middlesex County, Massachusetts",1852,60,1736,90,116,69
1400000US25017384001,25017384001,"Census Tract 3840.01, Middlesex County, Massachusetts",568,21,490,46,78,47
1400000US25017384002,25017384002,"Census Tract 3840.02, Middlesex County, Massachusetts",2865,101,1000,145,1865,153
1400000US25017385100,25017385100,"Census Tract 3851, Middlesex County, Massachusetts",2395,117,1861,143,534,156
1400000US25017385201,25017385201,"Census Tract 3852.01, Middlesex County, Massachusetts",1041,59,694,97,347,97
1400000US25017385202,25017385202,"Census Tract 3852.02, Middlesex County, Massachusetts",3124,111,2696,193,428,159
1400000US25017386100,25017386100,"Census Tract 3861, Middlesex County, Massachusetts",1441,61,1274,76,167,53
1400000US25017387100,25017387100,"Census Tract 3871, Middlesex County, Massachusetts",1551,67,1278,95,273,87
1400000US25017387201,25017387201,"Census Tract 3872.01, Middlesex County, Massachusetts",2108,89,1592,126,516,137
1400000US25017387202,25017387202,"Census Tract 3872.02, Middlesex County, Massachusetts",1369,48,1242,70,127,56
1400000US25017388100,25017388100,"Census Tract 3881, Middlesex County, Massachusetts",2101,91,1624,137,477,111
1400000US25017388200,25017388200,"Census Tract 3882, Middlesex County, Massachusetts",2283,470,1512,364,771,244
1400000US25017388300,25017388300,"Census Tract 3883, Middlesex County, Massachusetts",1857,119,175,56,1682,119
1400000US25017980000,25017980000,"Census Tract 9800, Middlesex County, Massachusetts",0,12,0,12,0,12
1400000US25021400100,25021400100,"Census Tract 4001, Norfolk County, Massachusetts",2327,190,1022,205,1305,184
1400000US25021400200,25021400200,"Census Tract 4002, Norfolk County, Massachusetts",2604,170,1048,161,1556,214
1400000US25021400300,25021400300,"Census Tract 4003, Norfolk County, Massachusetts",1719,85,909,107,810,106
1400000US25021400400,25021400400,"Census Tract 4004, Norfolk County, Massachusetts",2972,125,1310,196,1662,183
1400000US25021400500,25021400500,"Census Tract 4005, Norfolk County, Massachusetts",2311,191,802,140,1509,170
1400000US25021400600,25021400600,"Census Tract 4006, Norfolk County, Massachusetts",2221,150,1437,164,784,199
1400000US25021400700,25021400700,"Census Tract 4007, Norfolk County, Massachusetts",1309,87,770,116,539,123
1400000US25021400800,25021400800,"Census Tract 4008, Norfolk County, Massachusetts",2440,143,1003,160,1437,187
1400000US25021400900,25021400900,"Census Tract 4009, Norfolk County, Massachusetts",1953,136,741,149,1212,149
1400000US25021401000,25021401000,"Census Tract 4010, Norfolk County, Massachusetts",1262,111,616,105,646,105
1400000US25021401100,25021401100,"Census Tract 4011, Norfolk County, Massachusetts",1679,104,1394,125,285,104
1400000US25021401200,25021401200,"Census Tract 4012, Norfolk County, Massachusetts",2611,157,1612,203,999,162
1400000US25021402101,25021402101,"Census Tract 4021.01, Norfolk County, Massachusetts",1597,87,1078,113,519,139
1400000US25021402102,25021402102,"Census Tract 4021.02, Norfolk County, Massachusetts",1565,100,1004,131,561,105
1400000US25021402200,25021402200,"Census Tract 4022, Norfolk County, Massachusetts",794,68,659,65,135,57
1400000US25021402300,25021402300,"Census Tract 4023, Norfolk County, Massachusetts",1514,75,1426,82,88,51
1400000US25021402400,25021402400,"Census Tract 4024, Norfolk County, Massachusetts",2570,81,1416,139,1154,136
1400000US25021402500,25021402500,"Census Tract 4025, Norfolk County, Massachusetts",1670,105,1106,100,564,122
1400000US25021403100,25021403100,"Census Tract 4031, Norfolk County, Massachusetts",2215,90,2179,96,36,35
1400000US25021403300,25021403300,"Census Tract 4033, Norfolk County, Massachusetts",1340,73,1204,76,136,55
1400000US25021403400,25021403400,"Census Tract 4034, Norfolk County, Massachusetts",2460,120,1909,120,551,118
1400000US25021403500,25021403500,"Census Tract 4035, Norfolk County, Massachusetts",2444,87,1662,121,782,144
1400000US25021404100,25021404100,"Census Tract 4041, Norfolk County, Massachusetts",1351,69,1017,89,334,80
1400000US25021404201,25021404201,"Census Tract 4042.01, Norfolk County, Massachusetts",1292,70,1209,73,83,54
1400000US25021404202,25021404202,"Census Tract 4042.02, Norfolk County, Massachusetts",1160,86,941,79,219,69
1400000US25021404301,25021404301,"Census Tract 4043.01, Norfolk County, Massachusetts",1806,65,1771,67,35,29
1400000US25021404302,25021404302,"Census Tract 4043.02, Norfolk County, Massachusetts",1322,74,1050,77,272,68
1400000US25021404400,25021404400,"Census Tract 4044, Norfolk County, Massachusetts",1663,97,1113,85,550,90
1400000US25021405100,25021405100,"Census Tract 4051, Norfolk County, Massachusetts",1909,90,1766,95,143,80
1400000US25021406101,25021406101,"Census Tract 4061.01, Norfolk County, Massachusetts",1894,106,1654,100,240,79
1400000US25021406102,25021406102,"Census Tract 4061.02, Norfolk County, Massachusetts",2212,95,2070,104,142,66
1400000US25021407100,25021407100,"Census Tract 4071, Norfolk County, Massachusetts",2961,160,2296,170,665,135
1400000US25021408101,25021408101,"Census Tract 4081.01, Norfolk County, Massachusetts",2742,123,2349,151,393,128
1400000US25021408102,25021408102,"Census Tract 4081.02, Norfolk County, Massachusetts",1788,108,1456,112,332,97
1400000US25021409101,25021409101,"Census Tract 4091.01, Norfolk County, Massachusetts",1458,87,1370,90,88,55
1400000US25021409102,25021409102,"Census Tract 4091.02, Norfolk County, Massachusetts",1727,88,1635,81,92,41
1400000US25021410100,25021410100,"Census Tract 4101, Norfolk County, Massachusetts",2316,116,1686,150,630,149
1400000US25021410300,25021410300,"Census Tract 4103, Norfolk County, Massachusetts",1747,98,1269,89,478,78
1400000US25021410400,25021410400,"Census Tract 4104, Norfolk County, Massachusetts",2340,121,1522,152,818,151
1400000US25021411100,25021411100,"Census Tract 4111, Norfolk County, Massachusetts",2939,138,2296,162,643,203
1400000US25021411200,25021411200,"Census Tract 4112, Norfolk County, Massachusetts",2540,85,2034,143,506,150
1400000US25021411301,25021411301,"Census Tract 4113.01, Norfolk County, Massachusetts",2022,101,1748,110,274,113
1400000US25021411302,25021411302,"Census Tract 4113.02, Norfolk County, Massachusetts",1321,77,1202,79,119,74
1400000US25021412100,25021412100,"Census Tract 4121, Norfolk County, Massachusetts",2303,72,1930,103,373,98
1400000US25021412200,25021412200,"Census Tract 4122, Norfolk County, Massachusetts",1457,64,1241,75,216,59
1400000US25021412300,25021412300,"Census Tract 4123, Norfolk County, Massachusetts",1640,58,1514,82,126,60
1400000US25021413100,25021413100,"Census Tract 4131, Norfolk County, Massachusetts",2345,71,1692,111,653,117
1400000US25021413200,25021413200,"Census Tract 4132, Norfolk County, Massachusetts",2581,113,1491,161,1090,149
1400000US25021413300,25021413300,"Census Tract 4133, Norfolk County, Massachusetts",1874,69,1352,102,522,91
1400000US25021413401,25021413401,"Census Tract 4134.01, Norfolk County, Massachusetts",1480,82,773,100,707,108
1400000US25021413402,25021413402,"Census Tract 4134.02, Norfolk County, Massachusetts",1695,83,678,97,1017,112
1400000US25021413500,25021413500,"Census Tract 4135, Norfolk County, Massachusetts",1648,110,662,97,986,125
1400000US25021414100,25021414100,"Census Tract 4141, Norfolk County, Massachusetts",2016,95,1741,95,275,62
1400000US25021414200,25021414200,"Census Tract 4142, Norfolk County, Massachusetts",2380,92,2301,102,79,67
1400000US25021414300,25021414300,"Census Tract 4143, Norfolk County, Massachusetts",1937,78,1450,99,487,95
1400000US25021415101,25021415101,"Census Tract 4151.01, Norfolk County, Massachusetts",1746,67,1457,98,289,85
1400000US25021415102,25021415102,"Census Tract 4151.02, Norfolk County, Massachusetts",3492,141,2467,174,1025,161
1400000US25021415200,25021415200,"Census Tract 4152, Norfolk County, Massachusetts",2321,150,1605,150,716,171
1400000US25021415300,25021415300,"Census Tract 4153, Norfolk County, Massachusetts",1314,74,1237,84,77,50
1400000US25021416101,25021416101,"Census Tract 4161.01, Norfolk County, Massachusetts",2032,109,1541,109,491,123
1400000US25021416102,25021416102,"Census Tract 4161.02, Norfolk County, Massachusetts",926,52,750,67,176,64
1400000US25021416200,25021416200,"Census Tract 4162, Norfolk County, Massachusetts",2215,131,1789,177,426,172
1400000US25021416300,25021416300,"Census Tract 4163, Norfolk County, Massachusetts",1726,101,1239,102,487,115
1400000US25021416400,25021416400,"Census Tract 4164, Norfolk County, Massachusetts",2096,118,1806,185,290,156
1400000US25021417100,25021417100,"Census Tract 4171, Norfolk County, Massachusetts",1626,78,1014,118,612,120
1400000US25021417200,25021417200,"Census Tract 4172, Norfolk County, Massachusetts",3218,112,1623,174,1595,189
1400000US25021417300,25021417300,"Census Tract 4173, Norfolk County, Massachusetts",1575,107,906,123,669,111
1400000US25021417400,25021417400,"Census Tract 4174, Norfolk County, Massachusetts",992,62,788,65,204,78
1400000US25021417501,25021417501,"Census Tract 4175.01, Norfolk County, Massachusetts",1993,94,1230,152,763,169
1400000US25021417502,25021417502,"Census Tract 4175.02, Norfolk County, Massachusetts",1758,120,749,132,1009,133
1400000US25021417601,25021417601,"Census Tract 4176.01, Norfolk County, Massachusetts",1891,123,1211,142,680,159
1400000US25021417602,25021417602,"Census Tract 4176.02, Norfolk County, Massachusetts",2214,128,937,131,1277,161
1400000US25021417701,25021417701,"Census Tract 4177.01, Norfolk County, Massachusetts",2747,191,637,202,2110,220
1400000US25021417702,25021417702,"Census Tract 4177.02, Norfolk County, Massachusetts",1078,28,779,64,299,65
1400000US25021417801,25021417801,"Census Tract 4178.01, Norfolk County, Massachusetts",1957,136,1472,158,485,131
1400000US25021417802,25021417802,"Census Tract 4178.02, Norfolk County, Massachusetts",1263,67,322,59,941,79
1400000US25021417901,25021417901,"Census Tract 4179.01, Norfolk County, Massachusetts",3209,125,940,163,2269,193
1400000US25021417902,25021417902,"Census Tract 4179.02, Norfolk County, Massachusetts",1510,48,753,108,757,106
1400000US25021418002,25021418002,"Census Tract 4180.02, Norfolk County, Massachusetts",3091,133,1152,165,1939,200
1400000US25021418003,25021418003,"Census Tract 4180.03, Norfolk County, Massachusetts",1196,89,416,79,780,105
1400000US25021418004,25021418004,"Census Tract 4180.04, Norfolk County, Massachusetts",1889,81,760,116,1129,111
1400000US25021418101,25021418101,"Census Tract 4181.01, Norfolk County, Massachusetts",2258,99,1015,189,1243,192
1400000US25021418102,25021418102,"Census Tract 4181.02, Norfolk County, Massachusetts",1533,112,643,117,890,152
1400000US25021418200,25021418200,"Census Tract 4182, Norfolk County, Massachusetts",2645,164,1505,156,1140,208
1400000US25021419100,25021419100,"Census Tract 4191, Norfolk County, Massachusetts",2079,88,1350,127,729,134
1400000US25021419200,25021419200,"Census Tract 4192, Norfolk County, Massachusetts",1758,82,1293,116,465,120
1400000US25021419300,25021419300,"Census Tract 4193, Norfolk County, Massachusetts",1466,61,901,76,565,77
1400000US25021419400,25021419400,"Census Tract 4194, Norfolk County, Massachusetts",1192,49,893,81,299,84
1400000US25021419500,25021419500,"Census Tract 4195, Norfolk County, Massachusetts",977,54,834,68,143,67
1400000US25021419600,25021419600,"Census Tract 4196, Norfolk County, Massachusetts",2773,115,2008,172,765,149
1400000US25021419700,25021419700,"Census Tract 4197, Norfolk County, Massachusetts",1300,72,1038,73,262,70
1400000US25021419800,25021419800,"Census Tract 4198, Norfolk County, Massachusetts",1681,60,1097,94,584,96
1400000US25021420100,25021420100,"Census Tract 4201, Norfolk County, Massachusetts",2839,175,2007,161,832,179
1400000US25021420201,25021420201,"Census Tract 4202.01, Norfolk County, Massachusetts",1249,70,836,120,413,111
1400000US25021420202,25021420202,"Census Tract 4202.02, Norfolk County, Massachusetts",2434,141,1524,153,910,170
1400000US25021420301,25021420301,"Census Tract 4203.01, Norfolk County, Massachusetts",2527,145,1877,187,650,179
1400000US25021420302,25021420302,"Census Tract 4203.02, Norfolk County, Massachusetts",2854,160,1993,179,861,183
1400000US25021421100,25021421100,"Census Tract 4211, Norfolk County, Massachusetts",2140,126,1389,165,751,174
1400000US25021421200,25021421200,"Census Tract 4212, Norfolk County, Massachusetts",2203,147,2048,145,155,76
1400000US25021422100,25021422100,"Census Tract 4221, Norfolk County, Massachusetts",2011,63,1653,103,358,93
1400000US25021422200,25021422200,"Census Tract 4222, Norfolk County, Massachusetts",3063,149,1903,173,1160,189
1400000US25021422301,25021422301,"Census Tract 4223.01, Norfolk County, Massachusetts",1105,29,1011,69,94,63
1400000US25021422302,25021422302,"Census Tract 4223.02, Norfolk County, Massachusetts",2981,129,1719,174,1262,182
1400000US25021422400,25021422400,"Census Tract 4224, Norfolk County, Massachusetts",3296,152,1782,166,1514,185
1400000US25021422501,25021422501,"Census Tract 4225.01, Norfolk County, Massachusetts",2064,127,1255,124,809,162
1400000US25021422502,25021422502,"Census Tract 4225.02, Norfolk County, Massachusetts",2401,74,1109,182,1292,204
1400000US25021422600,25021422600,"Census Tract 4226, Norfolk County, Massachusetts",2424,130,2093,145,331,120
1400000US25021422700,25021422700,"Census Tract 4227, Norfolk County, Massachusetts",1491,89,1255,88,236,78
1400000US25021422800,25021422800,"Census Tract 4228, Norfolk County, Massachusetts",1723,95,1322,110,401,96
1400000US25021423100,25021423100,"Census Tract 4231, Norfolk County, Massachusetts",2900,139,2343,142,557,164
1400000US25021440100,25021440100,"Census Tract 4401, Norfolk County, Massachusetts",3391,139,2528,201,863,167
1400000US25021441202,25021441202,"Census Tract 4412.02, Norfolk County, Massachusetts",921,61,856,64,65,37
1400000US25021441203,25021441203,"Census Tract 4412.03, Norfolk County, Massachusetts",1445,90,1160,99,285,89
1400000US25021441204,25021441204,"Census Tract 4412.04, Norfolk County, Massachusetts",1538,111,1261,111,277,89
1400000US25021442101,25021442101,"Census Tract 4421.01, Norfolk County, Massachusetts",1720,71,1389,72,331,77
1400000US25021442102,25021442102,"Census Tract 4421.02, Norfolk County, Massachusetts",2534,98,2289,103,245,82
1400000US25021442103,25021442103,"Census Tract 4421.03, Norfolk County, Massachusetts",2125,85,2125,85,0,17
1400000US25021442201,25021442201,"Census Tract 4422.01, Norfolk County, Massachusetts",1375,75,1079,71,296,86
1400000US25021442202,25021442202,"Census Tract 4422.02, Norfolk County, Massachusetts",3238,119,1840,157,1398,157
1400000US25021443101,25021443101,"Census Tract 4431.01, Norfolk County, Massachusetts",2973,116,2386,180,587,150
1400000US25021443102,25021443102,"Census Tract 4431.02, Norfolk County, Massachusetts",3189,149,2582,174,607,180
1400000US25021456101,25021456101,"Census Tract 4561.01, Norfolk County, Massachusetts",1276,75,1163,77,113,52
1400000US25021456102,25021456102,"Census Tract 4561.02, Norfolk County, Massachusetts",1971,115,1216,116,755,119
1400000US25021456200,25021456200,"Census Tract 4562, Norfolk County, Massachusetts",1213,81,991,80,222,62
1400000US25021456301,25021456301,"Census Tract 4563.01, Norfolk County, Massachusetts",728,69,309,73,419,92
1400000US25021456302,25021456302,"Census Tract 4563.02, Norfolk County, Massachusetts",2524,145,1721,189,803,195
1400000US25021456401,25021456401,"Census Tract 4564.01, Norfolk County, Massachusetts",1030,68,802,75,228,85
1400000US25021456402,25021456402,"Census Tract 4564.02, Norfolk County, Massachusetts",1886,104,1735,131,151,94
1400000US25021457100,25021457100,"Census Tract 4571, Norfolk County, Massachusetts",1636,112,1361,149,275,84
1400000US25021457200,25021457200,"Census Tract 4572, Norfolk County, Massachusetts",2077,110,1734,126,343,104
1400000US25025000100,25025000100,"Census Tract 1, Suffolk County, Massachusetts",1368,131,351,79,1017,128
1400000US25025000201,25025000201,"Census Tract 2.01, Suffolk County, Massachusetts",1297,109,419,99,878,130
1400000US25025000202,25025000202,"Census Tract 2.02, Suffolk County, Massachusetts",1291,113,382,80,909,111
1400000US25025000301,25025000301,"Census Tract 3.01, Suffolk County, Massachusetts",1021,107,478,74,543,98
1400000US25025000302,25025000302,"Census Tract 3.02, Suffolk County, Massachusetts",1148,110,577,108,571,121
1400000US25025000401,25025000401,"Census Tract 4.01, Suffolk County, Massachusetts",2517,156,361,79,2156,155
1400000US25025000402,25025000402,"Census Tract 4.02, Suffolk County, Massachusetts",1404,96,525,122,879,99
1400000US25025000502,25025000502,"Census Tract 5.02, Suffolk County, Massachusetts",1612,118,307,74,1305,131
1400000US25025000503,25025000503,"Census Tract 5.03, Suffolk County, Massachusetts",1136,99,203,62,933,99
1400000US25025000504,25025000504,"Census Tract 5.04, Suffolk County, Massachusetts",2424,148,294,96,2130,157
1400000US25025000601,25025000601,"Census Tract 6.01, Suffolk County, Massachusetts",1202,96,367,78,835,103
1400000US25025000602,25025000602,"Census Tract 6.02, Suffolk County, Massachusetts",1713,103,177,67,1536,107
1400000US25025000701,25025000701,"Census Tract 7.01, Suffolk County, Massachusetts",1819,163,169,57,1650,162
1400000US25025000703,25025000703,"Census Tract 7.03, Suffolk County, Massachusetts",1027,85,7,13,1020,86
1400000US25025000704,25025000704,"Census Tract 7.04, Suffolk County, Massachusetts",2121,129,215,90,1906,154
1400000US25025000802,25025000802,"Census Tract 8.02, Suffolk County, Massachusetts",2585,137,427,112,2158,149
1400000US25025000803,25025000803,"Census Tract 8.03, Suffolk County, Massachusetts",687,75,6,9,681,76
1400000US25025010103,25025010103,"Census Tract 101.03, Suffolk County, Massachusetts",444,39,59,28,385,42
1400000US25025010104,25025010104,"Census Tract 101.04, Suffolk County, Massachusetts",1737,108,486,108,1251,122
1400000US25025010203,25025010203,"Census Tract 102.03, Suffolk County, Massachusetts",3039,205,200,70,2839,207
1400000US25025010204,25025010204,"Census Tract 102.04, Suffolk County, Massachusetts",968,114,115,44,853,109
1400000US25025010300,25025010300,"Census Tract 103, Suffolk County, Massachusetts",275,30,59,30,216,36
1400000US25025010403,25025010403,"Census Tract 104.03, Suffolk County, Massachusetts",1762,151,66,52,1696,147
1400000US25025010404,25025010404,"Census Tract 104.04, Suffolk County, Massachusetts",1504,106,121,63,1383,113
1400000US25025010405,25025010405,"Census Tract 104.05, Suffolk County, Massachusetts",897,48,81,32,816,58
1400000US25025010408,25025010408,"Census Tract 104.08, Suffolk County, Massachusetts",916,54,122,59,794,65
1400000US25025010500,25025010500,"Census Tract 105, Suffolk County, Massachusetts",1609,84,153,55,1456,99
1400000US25025010600,25025010600,"Census Tract 106, Suffolk County, Massachusetts",1828,146,258,77,1570,149
1400000US25025010701,25025010701,"Census Tract 107.01, Suffolk County, Massachusetts",1535,107,512,107,1023,132
1400000US25025010702,25025010702,"Census Tract 107.02, Suffolk County, Massachusetts",1332,157,608,128,724,137
1400000US25025010801,25025010801,"Census Tract 108.01, Suffolk County, Massachusetts",1728,131,1066,161,662,126
1400000US25025010802,25025010802,"Census Tract 108.02, Suffolk County, Massachusetts",1691,146,694,135,997,135
1400000US25025020101,25025020101,"Census Tract 201.01, Suffolk County, Massachusetts",2643,159,1098,189,1545,237
1400000US25025020200,25025020200,"Census Tract 202, Suffolk County, Massachusetts",2209,124,411,108,1798,140
1400000US25025020301,25025020301,"Census Tract 203.01, Suffolk County, Massachusetts",1360,94,180,67,1180,107
1400000US25025020302,25025020302,"Census Tract 203.02, Suffolk County, Massachusetts",633,52,228,76,405,69
1400000US25025020303,25025020303,"Census Tract 203.03, Suffolk County, Massachusetts",1596,156,474,105,1122,154
1400000US25025030100,25025030100,"Census Tract 301, Suffolk County, Massachusetts",1223,74,322,92,901,119
1400000US25025030200,25025030200,"Census Tract 302, Suffolk County, Massachusetts",1077,66,180,86,897,94
1400000US25025030300,25025030300,"Census Tract 303, Suffolk County, Massachusetts",2790,207,1004,150,1786,188
1400000US25025030400,25025030400,"Census Tract 304, Suffolk County, Massachusetts",1467,83,397,84,1070,100
1400000US25025030500,25025030500,"Census Tract 305, Suffolk County, Massachusetts",1508,104,616,110,892,114
1400000US25025040100,25025040100,"Census Tract 401, Suffolk County, Massachusetts",1149,78,599,95,550,98
1400000US25025040200,25025040200,"Census Tract 402, Suffolk County, Massachusetts",663,53,186,41,477,59
1400000US25025040300,25025040300,"Census Tract 403, Suffolk County, Massachusetts",1959,132,1092,130,867,150
1400000US25025040401,25025040401,"Census Tract 404.01, Suffolk County, Massachusetts",1189,59,383,92,806,91
1400000US25025040600,25025040600,"Census Tract 406, Suffolk County, Massachusetts",1303,67,761,112,542,113
1400000US25025040801,25025040801,"Census Tract 408.01, Suffolk County, Massachusetts",2129,100,536,119,1593,149
1400000US25025050101,25025050101,"Census Tract 501.01, Suffolk County, Massachusetts",1770,88,392,95,1378,106
1400000US25025050200,25025050200,"Census Tract 502, Suffolk County, Massachusetts",1815,94,423,134,1392,146
1400000US25025050300,25025050300,"Census Tract 503, Suffolk County, Massachusetts",995,63,101,38,894,67
1400000US25025050400,25025050400,"Census Tract 504, Suffolk County, Massachusetts",990,60,278,73,712,90
1400000US25025050500,25025050500,"Census Tract 505, Suffolk County, Massachusetts",718,51,215,50,503,64
1400000US25025050600,25025050600,"Census Tract 506, Suffolk County, Massachusetts",788,54,127,59,661,72
1400000US25025050700,25025050700,"Census Tract 507, Suffolk County, Massachusetts",1524,92,292,93,1232,126
1400000US25025050901,25025050901,"Census Tract 509.01, Suffolk County, Massachusetts",1412,95,393,130,1019,131
1400000US25025051000,25025051000,"Census Tract 510, Suffolk County, Massachusetts",1752,67,593,120,1159,127
1400000US25025051101,25025051101,"Census Tract 511.01, Suffolk County, Massachusetts",2332,90,763,171,1569,184
1400000US25025051200,25025051200,"Census Tract 512, Suffolk County, Massachusetts",1097,88,381,113,716,128
1400000US25025060101,25025060101,"Census Tract 601.01, Suffolk County, Massachusetts",1631,71,729,106,902,113
1400000US25025060200,25025060200,"Census Tract 602, Suffolk County, Massachusetts",955,75,542,91,413,91
1400000US25025060301,25025060301,"Census Tract 603.01, Suffolk County, Massachusetts",1487,102,665,103,822,135
1400000US25025060400,25025060400,"Census Tract 604, Suffolk County, Massachusetts",2504,122,809,156,1695,175
1400000US25025060501,25025060501,"Census Tract 605.01, Suffolk County, Massachusetts",1847,86,897,128,950,129
1400000US25025060600,25025060600,"Census Tract 606, Suffolk County, Massachusetts",1342,124,728,102,614,110
1400000US25025060700,25025060700,"Census Tract 607, Suffolk County, Massachusetts",769,47,0,12,769,47
1400000US25025060800,25025060800,"Census Tract 608, Suffolk County, Massachusetts",1948,168,878,201,1070,227
1400000US25025061000,25025061000,"Census Tract 610, Suffolk County, Massachusetts",1286,103,218,70,1068,114
1400000US25025061101,25025061101,"Census Tract 611.01, Suffolk County, Massachusetts",1015,60,0,12,1015,60
1400000US25025061200,25025061200,"Census Tract 612, Suffolk County, Massachusetts",1943,134,776,141,1167,147
1400000US25025070101,25025070101,"Census Tract 701.01, Suffolk County, Massachusetts",2695,235,1081,186,1614,226
1400000US25025070200,25025070200,"Census Tract 702, Suffolk County, Massachusetts",1665,140,143,55,1522,140
1400000US25025070300,25025070300,"Census Tract 703, Suffolk County, Massachusetts",2475,124,1225,162,1250,164
1400000US25025070402,25025070402,"Census Tract 704.02, Suffolk County, Massachusetts",662,35,0,12,662,35
1400000US25025070500,25025070500,"Census Tract 705, Suffolk County, Massachusetts",2952,192,1394,215,1558,203
1400000US25025070600,25025070600,"Census Tract 706, Suffolk County, Massachusetts",1283,100,834,103,449,123
1400000US25025070700,25025070700,"Census Tract 707, Suffolk County, Massachusetts",1332,62,499,103,833,99
1400000US25025070800,25025070800,"Census Tract 708, Suffolk County, Massachusetts",2031,110,706,135,1325,146
1400000US25025070900,25025070900,"Census Tract 709, Suffolk County, Massachusetts",1574,102,527,103,1047,125
1400000US25025071101,25025071101,"Census Tract 711.01, Suffolk County, Massachusetts",2107,140,595,116,1512,169
1400000US25025071201,25025071201,"Census Tract 712.01, Suffolk County, Massachusetts",1348,88,399,72,949,96
1400000US25025080100,25025080100,"Census Tract 801, Suffolk County, Massachusetts",644,49,203,59,441,77
1400000US25025080300,25025080300,"Census Tract 803, Suffolk County, Massachusetts",777,79,83,38,694,83
1400000US25025080401,25025080401,"Census Tract 804.01, Suffolk County, Massachusetts",1312,74,122,63,1190,86
1400000US25025080500,25025080500,"Census Tract 805, Suffolk County, Massachusetts",1301,74,41,30,1260,76
1400000US25025080601,25025080601,"Census Tract 806.01, Suffolk County, Massachusetts",875,71,44,21,831,73
1400000US25025080801,25025080801,"Census Tract 808.01, Suffolk County, Massachusetts",933,55,0,12,933,55
1400000US25025080900,25025080900,"Census Tract 809, Suffolk County, Massachusetts",1486,84,120,55,1366,97
1400000US25025081001,25025081001,"Census Tract 810.01, Suffolk County, Massachusetts",2174,123,145,78,2029,128
1400000US25025081100,25025081100,"Census Tract 811, Suffolk County, Massachusetts",1625,69,503,123,1122,132
1400000US25025081200,25025081200,"Census Tract 812, Suffolk County, Massachusetts",1186,83,202,65,984,102
1400000US25025081300,25025081300,"Census Tract 813, Suffolk County, Massachusetts",2112,129,178,76,1934,144
1400000US25025081400,25025081400,"Census Tract 814, Suffolk County, Massachusetts",1216,109,366,114,850,110
1400000US25025081500,25025081500,"Census Tract 815, Suffolk County, Massachusetts",861,57,236,64,625,78
1400000US25025081700,25025081700,"Census Tract 817, Suffolk County, Massachusetts",1426,139,307,84,1119,157
1400000US25025081800,25025081800,"Census Tract 818, Suffolk County, Massachusetts",1246,131,331,100,915,123
1400000US25025081900,25025081900,"Census Tract 819, Suffolk County, Massachusetts",1348,78,218,89,1130,107
1400000US25025082000,25025082000,"Census Tract 820, Suffolk County, Massachusetts",1149,99,317,98,832,120
1400000US25025082100,25025082100,"Census Tract 821, Suffolk County, Massachusetts",2075,127,220,84,1855,138
1400000US25025090100,25025090100,"Census Tract 901, Suffolk County, Massachusetts",1848,106,428,104,1420,143
1400000US25025090200,25025090200,"Census Tract 902, Suffolk County, Massachusetts",822,45,62,38,760,48
1400000US25025090300,25025090300,"Census Tract 903, Suffolk County, Massachusetts",1248,97,235,72,1013,118
1400000US25025090400,25025090400,"Census Tract 904, Suffolk County, Massachusetts",1148,82,355,86,793,117
1400000US25025090600,25025090600,"Census Tract 906, Suffolk County, Massachusetts",715,58,295,80,420,82
1400000US25025090700,25025090700,"Census Tract 907, Suffolk County, Massachusetts",1776,110,621,122,1155,107
1400000US25025090901,25025090901,"Census Tract 909.01, Suffolk County, Massachusetts",1485,91,9,13,1476,93
1400000US25025091001,25025091001,"Census Tract 910.01, Suffolk County, Massachusetts",1298,78,652,116,646,120
1400000US25025091100,25025091100,"Census Tract 911, Suffolk County, Massachusetts",1703,107,737,138,966,139
1400000US25025091200,25025091200,"Census Tract 912, Suffolk County, Massachusetts",1126,97,386,108,740,120
1400000US25025091300,25025091300,"Census Tract 913, Suffolk County, Massachusetts",783,72,150,46,633,87
1400000US25025091400,25025091400,"Census Tract 914, Suffolk County, Massachusetts",891,53,319,59,572,68
1400000US25025091500,25025091500,"Census Tract 915, Suffolk County, Massachusetts",1568,99,460,98,1108,122
1400000US25025091600,25025091600,"Census Tract 916, Suffolk County, Massachusetts",1047,81,244,73,803,102
1400000US25025091700,25025091700,"Census Tract 917, Suffolk County, Massachusetts",1020,59,349,77,671,86
1400000US25025091800,25025091800,"Census Tract 918, Suffolk County, Massachusetts",1116,81,257,78,859,117
1400000US25025091900,25025091900,"Census Tract 919, Suffolk County, Massachusetts",1185,87,481,132,704,135
1400000US25025092000,25025092000,"Census Tract 920, Suffolk County, Massachusetts",1553,88,336,78,1217,118
1400000US25025092101,25025092101,"Census Tract 921.01, Suffolk County, Massachusetts",2199,153,678,154,1521,208
1400000US25025092200,25025092200,"Census Tract 922, Suffolk County, Massachusetts",1009,101,496,113,513,116
1400000US25025092300,25025092300,"Census Tract 923, Suffolk County, Massachusetts",1049,75,382,90,667,91
1400000US25025092400,25025092400,"Census Tract 924, Suffolk County, Massachusetts",2125,130,380,135,1745,177
1400000US25025100100,25025100100,"Census Tract 1001, Suffolk County, Massachusetts",1976,99,375,106,1601,129
1400000US25025100200,25025100200,"Census Tract 1002, Suffolk County, Massachusetts",909,73,380,78,529,88
1400000US25025100300,25025100300,"Census Tract 1003, Suffolk County, Massachusetts",1160,83,609,109,551,113
1400000US25025100400,25025100400,"Census Tract 1004, Suffolk County, Massachusetts",1701,118,718,162,983,156
1400000US25025100500,25025100500,"Census Tract 1005, Suffolk County, Massachusetts",2242,160,649,132,1593,214
1400000US25025100601,25025100601,"Census Tract 1006.01, Suffolk County, Massachusetts",2174,130,947,158,1227,198
1400000US25025100603,25025100603,"Census Tract 1006.03, Suffolk County, Massachusetts",853,49,449,70,404,76
1400000US25025100700,25025100700,"Census Tract 1007, Suffolk County, Massachusetts",1814,84,996,133,818,140
1400000US25025100800,25025100800,"Census Tract 1008, Suffolk County, Massachusetts",2660,115,1352,201,1308,187
1400000US25025100900,25025100900,"Census Tract 1009, Suffolk County, Massachusetts",1605,113,826,129,779,155
1400000US25025101001,25025101001,"Census Tract 1010.01, Suffolk County, Massachusetts",2113,140,1051,175,1062,192
1400000US25025101002,25025101002,"Census Tract 1010.02, Suffolk County, Massachusetts",1949,151,534,136,1415,196
1400000US25025101101,25025101101,"Census Tract 1011.01, Suffolk County, Massachusetts",1030,88,410,105,620,126
1400000US25025101102,25025101102,"Census Tract 1011.02, Suffolk County, Massachusetts",1536,102,288,81,1248,118
1400000US25025110103,25025110103,"Census Tract 1101.03, Suffolk County, Massachusetts",2378,92,1006,137,1372,145
1400000US25025110201,25025110201,"Census Tract 1102.01, Suffolk County, Massachusetts",874,54,317,72,557,64
1400000US25025110301,25025110301,"Census Tract 1103.01, Suffolk County, Massachusetts",865,73,649,90,216,83
1400000US25025110401,25025110401,"Census Tract 1104.01, Suffolk County, Massachusetts",1419,53,711,109,708,111
1400000US25025110403,25025110403,"Census Tract 1104.03, Suffolk County, Massachusetts",1687,94,1017,117,670,125
1400000US25025110501,25025110501,"Census Tract 1105.01, Suffolk County, Massachusetts",1260,86,791,104,469,115
1400000US25025110502,25025110502,"Census Tract 1105.02, Suffolk County, Massachusetts",1630,97,961,127,669,144
1400000US25025110601,25025110601,"Census Tract 1106.01, Suffolk County, Massachusetts",1134,94,910,83,224,81
1400000US25025110607,25025110607,"Census Tract 1106.07, Suffolk County, Massachusetts",2123,131,1379,184,744,168
1400000US25025120103,25025120103,"Census Tract 1201.03, Suffolk County, Massachusetts",618,64,471,59,147,46
1400000US25025120104,25025120104,"Census Tract 1201.04, Suffolk County, Massachusetts",1034,78,413,79,621,92
1400000US25025120105,25025120105,"Census Tract 1201.05, Suffolk County, Massachusetts",903,44,813,66,90,53
1400000US25025120201,25025120201,"Census Tract 1202.01, Suffolk County, Massachusetts",1784,45,572,111,1212,113
1400000US25025120301,25025120301,"Census Tract 1203.01, Suffolk County, Massachusetts",1940,92,916,158,1024,180
1400000US25025120400,25025120400,"Census Tract 1204, Suffolk County, Massachusetts",2779,115,1426,212,1353,198
1400000US25025120500,25025120500,"Census Tract 1205, Suffolk County, Massachusetts",823,82,342,98,481,89
1400000US25025120600,25025120600,"Census Tract 1206, Suffolk County, Massachusetts",1076,53,442,95,634,89
1400000US25025120700,25025120700,"Census Tract 1207, Suffolk County, Massachusetts",958,68,473,72,485,80
1400000US25025130100,25025130100,"Census Tract 1301, Suffolk County, Massachusetts",2676,120,1953,193,723,182
1400000US25025130200,25025130200,"Census Tract 1302, Suffolk County, Massachusetts",1804,93,1171,108,633,133
1400000US25025130300,25025130300,"Census Tract 1303, Suffolk County, Massachusetts",1738,82,1369,127,369,97
1400000US25025130402,25025130402,"Census Tract 1304.02, Suffolk County, Massachusetts",2167,101,1605,163,562,156
1400000US25025130404,25025130404,"Census Tract 1304.04, Suffolk County, Massachusetts",1238,88,750,109,488,120
1400000US25025130406,25025130406,"Census Tract 1304.06, Suffolk County, Massachusetts",2208,116,496,114,1712,136
1400000US25025140102,25025140102,"Census Tract 1401.02, Suffolk County, Massachusetts",1614,79,1104,130,510,123
1400000US25025140105,25025140105,"Census Tract 1401.05, Suffolk County, Massachusetts",1265,55,855,87,410,90
1400000US25025140106,25025140106,"Census Tract 1401.06, Suffolk County, Massachusetts",838,58,107,53,731,77
1400000US25025140107,25025140107,"Census Tract 1401.07, Suffolk County, Massachusetts",1024,50,565,80,459,76
1400000US25025140201,25025140201,"Census Tract 1402.01, Suffolk County, Massachusetts",933,49,403,76,530,85
1400000US25025140202,25025140202,"Census Tract 1402.02, Suffolk County, Massachusetts",2094,80,1544,142,550,143
1400000US25025140300,25025140300,"Census Tract 1403, Suffolk County, Massachusetts",2274,193,873,148,1401,203
1400000US25025140400,25025140400,"Census Tract 1404, Suffolk County, Massachusetts",2908,128,1759,250,1149,233
1400000US25025160101,25025160101,"Census Tract 1601.01, Suffolk County, Massachusetts",2180,118,528,162,1652,168
1400000US25025160200,25025160200,"Census Tract 1602, Suffolk County, Massachusetts",1135,94,138,64,997,98
1400000US25025160300,25025160300,"Census Tract 1603, Suffolk County, Massachusetts",1313,72,423,82,890,101
1400000US25025160400,25025160400,"Census Tract 1604, Suffolk County, Massachusetts",941,65,117,43,824,78
1400000US25025160501,25025160501,"Census Tract 1605.01, Suffolk County, Massachusetts",1710,133,320,99,1390,161
1400000US25025160502,25025160502,"Census Tract 1605.02, Suffolk County, Massachusetts",1575,105,631,131,944,162
1400000US25025160601,25025160601,"Census Tract 1606.01, Suffolk County, Massachusetts",1421,116,411,99,1010,142
1400000US25025160602,25025160602,"Census Tract 1606.02, Suffolk County, Massachusetts",1587,115,754,143,833,141
1400000US25025170100,25025170100,"Census Tract 1701, Suffolk County, Massachusetts",2773,145,1575,238,1198,248
1400000US25025170200,25025170200,"Census Tract 1702, Suffolk County, Massachusetts",1653,105,770,127,883,120
1400000US25025170300,25025170300,"Census Tract 1703, Suffolk County, Massachusetts",3598,157,1985,216,1613,240
1400000US25025170400,25025170400,"Census Tract 1704, Suffolk County, Massachusetts",2204,132,996,178,1208,192
1400000US25025170501,25025170501,"Census Tract 1705.01, Suffolk County, Massachusetts",1646,154,847,140,799,178
1400000US25025170502,25025170502,"Census Tract 1705.02, Suffolk County, Massachusetts",1386,101,762,115,624,122
1400000US25025170601,25025170601,"Census Tract 1706.01, Suffolk County, Massachusetts",1866,99,1028,138,838,142
1400000US25025170701,25025170701,"Census Tract 1707.01, Suffolk County, Massachusetts",927,69,309,72,618,93
1400000US25025170702,25025170702,"Census Tract 1707.02, Suffolk County, Massachusetts",2084,156,720,144,1364,188
1400000US25025170800,25025170800,"Census Tract 1708, Suffolk County, Massachusetts",1973,158,945,211,1028,228
1400000US25025180101,25025180101,"Census Tract 1801.01, Suffolk County, Massachusetts",2125,166,1044,161,1081,199
1400000US25025180200,25025180200,"Census Tract 1802, Suffolk County, Massachusetts",1586,105,884,124,702,131
1400000US25025180301,25025180301,"Census Tract 1803.01, Suffolk County, Massachusetts",1171,74,854,99,317,102
1400000US25025180400,25025180400,"Census Tract 1804, Suffolk County, Massachusetts",709,75,455,79,254,82
1400000US25025180500,25025180500,"Census Tract 1805, Suffolk County, Massachusetts",1856,103,926,148,930,150
1400000US25025980101,25025980101,"Census Tract 9801.01, Suffolk County, Massachusetts",0,12,0,12,0,12
1400000US25025980300,25025980300,"Census Tract 9803, Suffolk County, Massachusetts",0,12,0,12,0,12
1400000US25025980700,25025980700,"Census Tract 9807, Suffolk County, Massachusetts",7,5,7,5,0,12
1400000US25025981000,25025981000,"Census Tract 9810, Suffolk County, Massachusetts",0,12,0,12,0,12
1400000US25025981100,25025981100,"Census Tract 9811, Suffolk County, Massachusetts",105,48,12,9,93,48
1400000US25025981201,25025981201,"Census Tract 9812.01, Suffolk County, Massachusetts",0,12,0,12,0,12
1400000US25025981202,25025981202,"Census Tract 9812.02, Suffolk County, Massachusetts",0,12,0,12,0,12
1400000US25025981300,25025981300,"Census Tract 9813, Suffolk County, Massachusetts",260,57,152,56,108,47
1400000US25025981501,25025981501,"Census Tract 9815.01, Suffolk County, Massachusetts",0,12,0,12,0,12
1400000US25025981502,25025981502,"Census Tract 9815.02, Suffolk County, Massachusetts",0,12,0,12,0,12
1400000US25025981600,25025981600,"Census Tract 9816, Suffolk County, Massachusetts",0,12,0,12,0,12
1400000US25025981700,25025981700,"Census Tract 9817, Suffolk County, Massachusetts",0,12,0,12,0,12
1400000US25025981800,25025981800,"Census Tract 9818, Suffolk County, Massachusetts",13,8,13,8,0,12
1400000US25025990101,25025990101,"Census Tract 9901.01, Suffolk County, Massachusetts",0,12,0,12,0,12
