GEO.id,GEO.id2,GEO.display-label,HD01_VD01,HD02_VD01,HD01_VD02,HD02_VD02,HD01_VD03,HD02_VD03,HD01_VD04,HD02_VD04,HD01_VD05,HD02_VD05,HD01_VD06,HD02_VD06,HD01_VD07,HD02_VD07,HD01_VD08,HD02_VD08,HD01_VD09,HD02_VD09,HD01_VD10,HD02_VD10,HD01_VD11,HD02_VD11
Id,Id2,Geography,Estimate; Total:,Margin of Error; Total:,Estimate; Less than 10.0 percent,Margin of Error; Less than 10.0 percent,Estimate; 10.0 to 14.9 percent,Margin of Error; 10.0 to 14.9 percent,Estimate; 15.0 to 19.9 percent,Margin of Error; 15.0 to 19.9 percent,Estimate; 20.0 to 24.9 percent,Margin of Error; 20.0 to 24.9 percent,Estimate; 25.0 to 29.9 percent,Margin of Error; 25.0 to 29.9 percent,Estimate; 30.0 to 34.9 percent,Margin of Error; 30.0 to 34.9 percent,Estimate; 35.0 to 39.9 percent,Margin of Error; 35.0 to 39.9 percent,Estimate; 40.0 to 49.9 percent,Margin of Error; 40.0 to 49.9 percent,Estimate; 50.0 percent or more,Margin of Error; 50.0 percent or more,Estimate; Not computed,Margin of Error; Not computed
0400000US25,25,Massachusetts,863874,5795,29741,1457,68400,2011,101632,2390,104757,2225,106966,2380,82705,1911,54079,1830,66393,1900,203063,3525,46138,1443
1400000US25017300100,25017300100,"Census Tract 3001, Middlesex County, Massachusetts",33,23,0,127,4,7,0,127,3,5,4,6,0,127,0,127,0,127,17,20,5,9
1400000US25017301101,25017301101,"Census Tract 3011.01, Middlesex County, Massachusetts",244,80,0,127,0,127,48,58,48,41,54,63,0,127,11,17,51,63,32,31,0,127
1400000US25017301102,25017301102,"Census Tract 3011.02, Middlesex County, Massachusetts",162,89,0,127,9,14,0,127,32,29,0,127,14,22,0,127,0,127,83,77,24,27
1400000US25017302100,25017302100,"Census Tract 3021, Middlesex County, Massachusetts",534,205,17,27,36,38,73,89,75,92,90,96,45,47,0,127,31,38,135,88,32,38
1400000US25017302200,25017302200,"Census Tract 3022, Middlesex County, Massachusetts",74,51,0,127,0,127,26,40,0,127,0,127,0,127,0,127,0,127,48,52,0,127
1400000US25017310100,25017310100,"Census Tract 3101, Middlesex County, Massachusetts",1621,180,142,93,46,53,229,129,177,105,251,131,313,126,109,66,123,84,178,89,53,64
1400000US25017310200,25017310200,"Census Tract 3102, Middlesex County, Massachusetts",624,158,53,73,75,83,112,95,119,82,37,44,0,127,31,35,0,127,197,85,0,127
1400000US25017310300,25017310300,"Census Tract 3103, Middlesex County, Massachusetts",1248,180,74,91,109,111,152,114,196,126,156,88,45,41,44,36,78,59,365,161,29,33
1400000US25017310400,25017310400,"Census Tract 3104, Middlesex County, Massachusetts",399,142,36,58,12,19,11,20,21,24,18,20,62,61,42,42,10,15,187,115,0,127
1400000US25017310500,25017310500,"Census Tract 3105, Middlesex County, Massachusetts",472,122,0,127,76,46,0,127,9,15,165,75,31,35,0,127,49,59,99,64,43,45
1400000US25017310601,25017310601,"Census Tract 3106.01, Middlesex County, Massachusetts",740,160,0,127,106,78,49,48,69,56,144,98,135,104,27,37,84,67,101,73,25,29
1400000US25017310602,25017310602,"Census Tract 3106.02, Middlesex County, Massachusetts",794,185,31,33,172,96,100,65,209,139,0,127,71,58,18,28,30,36,104,78,59,72
1400000US25017310700,25017310700,"Census Tract 3107, Middlesex County, Massachusetts",939,156,10,16,28,35,187,94,149,95,153,89,22,25,92,73,86,59,202,89,10,15
1400000US25017310800,25017310800,"Census Tract 3108, Middlesex County, Massachusetts",263,68,12,19,26,38,25,23,55,41,10,15,44,46,0,127,1,8,90,62,0,127
1400000US25017311000,25017311000,"Census Tract 3110, Middlesex County, Massachusetts",1237,109,74,51,69,57,72,61,150,84,340,93,133,66,33,31,90,63,232,96,44,48
1400000US25017311100,25017311100,"Census Tract 3111, Middlesex County, Massachusetts",660,100,0,127,10,16,49,57,70,58,27,29,98,78,0,127,48,52,212,94,146,150
1400000US25017311200,25017311200,"Census Tract 3112, Middlesex County, Massachusetts",602,106,40,40,19,34,146,91,0,127,129,88,34,40,59,48,19,33,138,76,18,20
1400000US25017311300,25017311300,"Census Tract 3113, Middlesex County, Massachusetts",718,112,0,127,98,82,79,58,48,40,103,52,139,94,43,67,101,68,96,70,11,17
1400000US25017311400,25017311400,"Census Tract 3114, Middlesex County, Massachusetts",1590,192,50,81,168,127,64,55,312,168,17,24,151,103,190,126,176,125,462,186,0,127
1400000US25017311500,25017311500,"Census Tract 3115, Middlesex County, Massachusetts",307,120,8,16,65,69,16,26,38,60,23,27,0,127,8,15,59,74,80,66,10,17
1400000US25017311600,25017311600,"Census Tract 3116, Middlesex County, Massachusetts",575,113,50,56,25,25,57,63,94,63,173,91,51,46,39,39,22,39,28,25,36,48
1400000US25017311700,25017311700,"Census Tract 3117, Middlesex County, Massachusetts",674,172,0,127,74,51,101,74,18,21,83,62,53,66,0,127,57,67,288,182,0,127
1400000US25017311800,25017311800,"Census Tract 3118, Middlesex County, Massachusetts",559,126,25,30,70,72,47,51,40,44,50,48,33,38,8,13,79,67,150,93,57,61
1400000US25017311900,25017311900,"Census Tract 3119, Middlesex County, Massachusetts",899,101,57,44,14,19,110,70,100,70,157,72,112,61,62,52,13,22,165,79,109,58
1400000US25017312000,25017312000,"Census Tract 3120, Middlesex County, Massachusetts",485,124,28,46,27,44,118,103,63,59,0,127,90,70,0,127,29,45,96,68,34,47
1400000US25017312100,25017312100,"Census Tract 3121, Middlesex County, Massachusetts",579,134,0,127,27,27,65,54,31,36,142,89,29,36,65,82,46,44,165,68,9,16
1400000US25017312200,25017312200,"Census Tract 3122, Middlesex County, Massachusetts",492,134,9,15,70,68,67,53,73,71,39,36,0,127,0,127,14,22,204,120,16,27
1400000US25017312300,25017312300,"Census Tract 3123, Middlesex County, Massachusetts",684,151,43,47,58,51,10,16,52,59,129,119,26,31,46,53,77,97,231,128,12,22
1400000US25017312400,25017312400,"Census Tract 3124, Middlesex County, Massachusetts",797,68,9,15,24,27,55,56,90,76,174,69,86,74,24,37,76,54,228,99,31,33
1400000US25017312501,25017312501,"Census Tract 3125.01, Middlesex County, Massachusetts",427,119,46,52,21,23,68,74,42,48,105,82,35,35,26,28,17,22,67,62,0,127
1400000US25017312502,25017312502,"Census Tract 3125.02, Middlesex County, Massachusetts",362,79,11,17,31,50,57,53,20,22,26,30,42,31,36,41,10,16,119,64,10,16
1400000US25017313101,25017313101,"Census Tract 3131.01, Middlesex County, Massachusetts",164,65,8,13,54,51,0,127,21,25,18,20,35,32,0,127,9,14,19,22,0,127
1400000US25017313102,25017313102,"Census Tract 3131.02, Middlesex County, Massachusetts",283,114,0,127,0,127,21,24,0,127,62,47,85,95,0,127,15,24,74,69,26,30
1400000US25017314101,25017314101,"Census Tract 3141.01, Middlesex County, Massachusetts",469,118,35,56,0,127,14,22,209,114,99,65,0,127,0,127,65,67,34,32,13,23
1400000US25017314102,25017314102,"Census Tract 3141.02, Middlesex County, Massachusetts",585,151,28,34,60,56,100,63,47,64,41,41,96,75,66,63,10,16,84,73,53,65
1400000US25017314200,25017314200,"Census Tract 3142, Middlesex County, Massachusetts",389,114,13,21,62,54,27,31,56,57,33,32,0,127,29,45,51,41,84,69,34,37
1400000US25017314301,25017314301,"Census Tract 3143.01, Middlesex County, Massachusetts",436,143,0,127,15,24,66,36,35,40,95,83,82,59,0,127,59,77,42,39,42,67
1400000US25017314302,25017314302,"Census Tract 3143.02, Middlesex County, Massachusetts",15,19,0,127,0,127,0,127,0,127,0,127,0,127,8,15,0,127,0,127,7,12
1400000US25017315100,25017315100,"Census Tract 3151, Middlesex County, Massachusetts",67,42,8,14,0,127,0,127,23,35,11,17,0,127,0,127,0,127,17,21,8,14
1400000US25017315200,25017315200,"Census Tract 3152, Middlesex County, Massachusetts",675,158,0,127,37,40,80,45,120,99,81,42,12,19,63,75,12,20,247,111,23,29
1400000US25017315401,25017315401,"Census Tract 3154.01, Middlesex County, Massachusetts",203,61,0,127,0,127,32,30,10,17,41,30,0,127,27,42,32,30,52,48,9,14
1400000US25017315402,25017315402,"Census Tract 3154.02, Middlesex County, Massachusetts",27,32,0,127,0,127,0,127,8,13,0,127,0,127,0,127,0,127,0,127,19,30
1400000US25017315403,25017315403,"Census Tract 3154.03, Middlesex County, Massachusetts",63,45,0,127,24,28,0,127,8,13,0,127,0,127,0,127,0,127,31,38,0,127
1400000US25017315500,25017315500,"Census Tract 3155, Middlesex County, Massachusetts",110,67,0,127,0,127,0,127,0,127,16,26,14,23,0,127,35,52,45,41,0,127
1400000US25017316101,25017316101,"Census Tract 3161.01, Middlesex County, Massachusetts",54,31,0,127,7,12,0,127,16,20,14,22,0,127,0,127,17,21,0,127,0,127
1400000US25017316102,25017316102,"Census Tract 3161.02, Middlesex County, Massachusetts",262,94,0,127,0,127,81,72,48,40,31,31,45,47,0,127,10,15,47,47,0,127
1400000US25017316201,25017316201,"Census Tract 3162.01, Middlesex County, Massachusetts",50,51,0,127,27,45,0,127,0,127,7,12,0,127,0,127,0,127,8,14,8,12
1400000US25017316202,25017316202,"Census Tract 3162.02, Middlesex County, Massachusetts",19,20,0,127,0,127,0,127,0,127,0,127,0,127,10,16,0,127,9,13,0,127
1400000US25017316300,25017316300,"Census Tract 3163, Middlesex County, Massachusetts",788,161,7,12,160,84,217,116,142,75,134,123,12,19,8,12,29,33,66,58,13,20
1400000US25017316400,25017316400,"Census Tract 3164, Middlesex County, Massachusetts",99,53,0,127,22,19,17,20,6,12,26,38,0,127,0,127,0,127,19,20,9,14
1400000US25017316500,25017316500,"Census Tract 3165, Middlesex County, Massachusetts",437,104,0,127,48,44,28,33,85,66,143,77,0,127,31,34,43,36,43,41,16,24
1400000US25017317101,25017317101,"Census Tract 3171.01, Middlesex County, Massachusetts",714,172,11,18,53,61,145,135,93,102,69,58,123,100,24,25,11,17,135,72,50,47
1400000US25017317102,25017317102,"Census Tract 3171.02, Middlesex County, Massachusetts",412,101,17,22,55,40,97,55,69,65,64,60,36,32,8,13,6,11,33,26,27,23
1400000US25017317103,25017317103,"Census Tract 3171.03, Middlesex County, Massachusetts",9,14,0,127,0,127,0,127,0,127,0,127,0,127,0,127,0,127,0,127,9,14
1400000US25017317201,25017317201,"Census Tract 3172.01, Middlesex County, Massachusetts",13,20,0,127,13,20,0,127,0,127,0,127,0,127,0,127,0,127,0,127,0,127
1400000US25017317202,25017317202,"Census Tract 3172.02, Middlesex County, Massachusetts",9,15,0,127,0,127,0,127,0,127,0,127,0,127,9,15,0,127,0,127,0,127
1400000US25017317203,25017317203,"Census Tract 3172.03, Middlesex County, Massachusetts",214,58,0,127,0,127,29,38,39,27,22,22,9,13,32,26,0,127,63,39,20,23
1400000US25017317300,25017317300,"Census Tract 3173, Middlesex County, Massachusetts",675,164,13,21,33,36,87,77,45,40,82,49,148,108,68,84,43,39,100,87,56,67
1400000US25017318100,25017318100,"Census Tract 3181, Middlesex County, Massachusetts",131,80,0,127,45,68,0,127,0,127,31,33,17,24,0,127,0,127,0,127,38,34
1400000US25017318200,25017318200,"Census Tract 3182, Middlesex County, Massachusetts",256,89,36,43,14,16,43,48,36,30,31,38,11,17,8,13,11,18,58,45,8,13
1400000US25017318300,25017318300,"Census Tract 3183, Middlesex County, Massachusetts",51,36,0,127,13,23,14,23,12,18,12,20,0,127,0,127,0,127,0,127,0,127
1400000US25017318400,25017318400,"Census Tract 3184, Middlesex County, Massachusetts",97,47,7,11,14,21,0,127,49,43,0,127,4,6,0,127,0,127,16,19,7,12
1400000US25017320101,25017320101,"Census Tract 3201.01, Middlesex County, Massachusetts",264,89,0,127,15,23,89,70,21,32,26,20,13,20,69,76,8,14,0,127,23,29
1400000US25017320102,25017320102,"Census Tract 3201.02, Middlesex County, Massachusetts",39,31,0,127,0,127,0,127,7,12,0,127,12,18,0,127,11,17,0,127,9,14
1400000US25017321100,25017321100,"Census Tract 3211, Middlesex County, Massachusetts",908,179,89,76,105,100,114,97,77,61,32,48,31,37,108,95,115,88,220,104,17,27
1400000US25017321200,25017321200,"Census Tract 3212, Middlesex County, Massachusetts",1028,167,8,13,188,113,72,58,207,91,39,37,58,61,96,80,24,27,259,127,77,68
1400000US25017321300,25017321300,"Census Tract 3213, Middlesex County, Massachusetts",1776,220,15,25,201,114,141,101,209,108,309,153,195,115,69,59,63,44,481,178,93,78
1400000US25017321400,25017321400,"Census Tract 3214, Middlesex County, Massachusetts",190,53,40,32,0,127,44,47,21,25,15,23,11,16,16,18,0,127,18,22,25,38
1400000US25017321500,25017321500,"Census Tract 3215, Middlesex County, Massachusetts",1033,206,0,127,42,41,165,98,261,156,43,41,33,35,67,71,164,108,226,129,32,37
1400000US25017321600,25017321600,"Census Tract 3216, Middlesex County, Massachusetts",1112,155,57,86,60,53,198,105,229,124,80,67,52,58,149,92,105,89,152,109,30,26
1400000US25017322100,25017322100,"Census Tract 3221, Middlesex County, Massachusetts",151,87,0,127,0,127,10,16,65,64,0,127,12,19,18,24,9,14,0,127,37,51
1400000US25017322200,25017322200,"Census Tract 3222, Middlesex County, Massachusetts",452,105,13,19,0,127,65,61,49,37,136,58,14,23,59,62,9,14,94,64,13,21
1400000US25017322300,25017322300,"Census Tract 3223, Middlesex County, Massachusetts",917,172,88,91,92,64,152,99,78,82,45,43,48,37,60,77,35,39,271,123,48,39
1400000US25017322400,25017322400,"Census Tract 3224, Middlesex County, Massachusetts",479,134,47,47,43,37,78,64,43,33,10,16,41,22,18,20,22,25,158,101,19,22
1400000US25017323100,25017323100,"Census Tract 3231, Middlesex County, Massachusetts",233,99,0,127,0,127,44,36,89,74,28,39,0,127,33,42,0,127,18,28,21,31
1400000US25017324100,25017324100,"Census Tract 3241, Middlesex County, Massachusetts",415,134,30,32,25,27,31,27,49,35,29,27,25,29,14,20,39,61,120,101,53,66
1400000US25017325100,25017325100,"Census Tract 3251, Middlesex County, Massachusetts",1343,219,109,135,71,56,282,142,215,112,51,47,137,110,46,46,48,42,321,184,63,51
1400000US25017326100,25017326100,"Census Tract 3261, Middlesex County, Massachusetts",433,139,15,22,29,33,96,72,88,65,74,62,31,39,0,127,0,127,43,69,57,48
1400000US25017327101,25017327101,"Census Tract 3271.01, Middlesex County, Massachusetts",115,58,0,127,0,127,0,127,8,15,21,22,0,127,0,127,7,12,69,46,10,16
1400000US25017327102,25017327102,"Census Tract 3271.02, Middlesex County, Massachusetts",355,111,45,67,16,20,32,33,103,81,43,50,29,26,0,127,36,42,42,29,9,14
1400000US25017327103,25017327103,"Census Tract 3271.03, Middlesex County, Massachusetts",228,86,6,10,22,26,25,27,58,55,46,36,43,52,0,127,0,127,28,28,0,127
1400000US25017328100,25017328100,"Census Tract 3281, Middlesex County, Massachusetts",53,35,15,23,0,127,14,15,0,127,0,127,7,12,0,127,0,127,0,127,17,17
1400000US25017330100,25017330100,"Census Tract 3301, Middlesex County, Massachusetts",137,78,0,127,0,127,62,58,14,22,0,127,31,26,0,127,0,127,30,40,0,127
1400000US25017330200,25017330200,"Census Tract 3302, Middlesex County, Massachusetts",347,130,0,127,0,127,52,59,71,77,61,70,23,27,8,13,12,20,120,83,0,127
1400000US25017331101,25017331101,"Census Tract 3311.01, Middlesex County, Massachusetts",328,70,10,15,17,19,73,56,36,29,40,39,20,20,18,20,18,20,87,41,9,14
1400000US25017331102,25017331102,"Census Tract 3311.02, Middlesex County, Massachusetts",162,88,0,127,13,20,22,26,0,127,27,29,0,127,0,127,0,127,51,61,49,63
1400000US25017331200,25017331200,"Census Tract 3312, Middlesex County, Massachusetts",93,61,0,127,0,127,0,127,21,33,29,45,11,16,12,18,0,127,12,19,8,14
1400000US25017331300,25017331300,"Census Tract 3313, Middlesex County, Massachusetts",164,87,0,127,0,127,14,22,0,127,17,27,12,19,15,22,63,77,15,23,28,30
1400000US25017332100,25017332100,"Census Tract 3321, Middlesex County, Massachusetts",150,76,0,127,0,127,13,21,12,20,102,71,0,127,0,127,23,27,0,127,0,127
1400000US25017332200,25017332200,"Census Tract 3322, Middlesex County, Massachusetts",1118,148,58,73,138,69,138,83,113,87,153,69,160,99,41,47,92,73,192,94,33,34
1400000US25017332300,25017332300,"Census Tract 3323, Middlesex County, Massachusetts",552,106,0,127,86,63,24,31,158,87,106,68,21,35,15,22,46,45,83,64,13,21
1400000US25017332400,25017332400,"Census Tract 3324, Middlesex County, Massachusetts",270,60,20,22,5,9,43,32,0,127,23,23,0,127,25,28,32,31,122,54,0,127
1400000US25017333100,25017333100,"Census Tract 3331, Middlesex County, Massachusetts",708,116,16,25,111,78,44,42,82,55,115,81,85,78,14,23,65,71,148,85,28,32
1400000US25017333200,25017333200,"Census Tract 3332, Middlesex County, Massachusetts",731,168,14,24,57,50,148,101,176,132,30,34,75,85,15,22,17,28,162,117,37,41
1400000US25017333300,25017333300,"Census Tract 3333, Middlesex County, Massachusetts",832,144,32,32,93,65,32,32,152,97,101,54,77,69,56,57,42,53,213,93,34,31
1400000US25017333400,25017333400,"Census Tract 3334, Middlesex County, Massachusetts",948,167,90,68,26,29,144,95,68,61,113,67,109,71,28,33,35,34,224,119,111,81
1400000US25017333501,25017333501,"Census Tract 3335.01, Middlesex County, Massachusetts",374,114,10,18,32,31,96,73,18,20,36,34,54,57,36,54,50,49,33,30,9,14
1400000US25017333502,25017333502,"Census Tract 3335.02, Middlesex County, Massachusetts",668,139,9,15,63,38,149,77,72,40,28,25,143,80,21,27,76,51,67,53,40,52
1400000US25017333600,25017333600,"Census Tract 3336, Middlesex County, Massachusetts",1327,192,0,127,142,85,214,110,275,121,204,115,133,85,111,77,65,48,116,68,67,77
1400000US25017334100,25017334100,"Census Tract 3341, Middlesex County, Massachusetts",79,52,0,127,0,127,28,41,20,24,0,127,0,127,10,15,0,127,10,17,11,16
1400000US25017334200,25017334200,"Census Tract 3342, Middlesex County, Massachusetts",344,76,13,20,43,37,56,44,12,18,105,74,48,36,0,127,24,26,43,30,0,127
1400000US25017334300,25017334300,"Census Tract 3343, Middlesex County, Massachusetts",119,39,12,19,0,127,41,35,55,43,0,127,0,127,0,127,0,127,11,18,0,127
1400000US25017334400,25017334400,"Census Tract 3344, Middlesex County, Massachusetts",560,131,28,33,16,25,123,88,32,38,63,75,18,29,79,87,13,22,172,105,16,26
1400000US25017335100,25017335100,"Census Tract 3351, Middlesex County, Massachusetts",689,150,18,29,84,92,110,67,96,55,69,70,115,93,40,38,49,45,45,42,63,82
1400000US25017335200,25017335200,"Census Tract 3352, Middlesex County, Massachusetts",393,140,14,22,15,23,29,39,57,71,27,31,0,127,120,94,0,127,57,75,74,74
1400000US25017335300,25017335300,"Census Tract 3353, Middlesex County, Massachusetts",972,208,44,44,130,106,249,105,101,67,82,64,77,78,82,87,27,32,136,77,44,39
1400000US25017335400,25017335400,"Census Tract 3354, Middlesex County, Massachusetts",252,93,17,22,15,23,10,15,46,42,28,31,20,17,10,15,0,127,73,64,33,30
1400000US25017336100,25017336100,"Census Tract 3361, Middlesex County, Massachusetts",702,123,51,65,13,21,79,72,127,89,107,73,86,63,62,46,36,32,86,45,55,47
1400000US25017336200,25017336200,"Census Tract 3362, Middlesex County, Massachusetts",205,103,0,127,0,127,41,40,78,83,0,127,14,23,13,22,0,127,44,70,15,24
1400000US25017336300,25017336300,"Census Tract 3363, Middlesex County, Massachusetts",490,149,41,64,24,20,23,29,75,73,54,67,14,23,13,22,0,127,162,105,84,57
1400000US25017336401,25017336401,"Census Tract 3364.01, Middlesex County, Massachusetts",1034,150,71,73,48,34,200,90,200,80,89,55,91,58,78,65,120,79,137,58,0,127
1400000US25017336402,25017336402,"Census Tract 3364.02, Middlesex County, Massachusetts",966,147,11,20,42,39,212,109,140,81,189,100,95,76,37,33,23,26,201,130,16,26
1400000US25017337101,25017337101,"Census Tract 3371.01, Middlesex County, Massachusetts",364,86,13,20,36,37,11,18,55,37,17,20,37,32,104,72,12,19,79,59,0,127
1400000US25017337102,25017337102,"Census Tract 3371.02, Middlesex County, Massachusetts",239,96,13,23,15,24,11,19,25,22,36,56,49,61,52,65,21,26,0,127,17,27
1400000US25017337201,25017337201,"Census Tract 3372.01, Middlesex County, Massachusetts",482,93,0,127,34,29,81,49,95,59,63,30,55,49,27,38,14,16,106,74,7,11
1400000US25017337202,25017337202,"Census Tract 3372.02, Middlesex County, Massachusetts",622,93,66,79,16,27,57,48,10,17,144,93,46,46,26,30,75,42,165,77,17,25
1400000US25017337300,25017337300,"Census Tract 3373, Middlesex County, Massachusetts",866,169,68,71,80,59,165,88,38,45,75,54,53,42,49,49,115,85,209,106,14,23
1400000US25017338100,25017338100,"Census Tract 3381, Middlesex County, Massachusetts",84,52,0,127,28,31,0,127,13,21,0,127,0,127,7,11,16,25,16,24,4,8
1400000US25017338200,25017338200,"Census Tract 3382, Middlesex County, Massachusetts",620,116,20,22,74,69,51,37,118,73,79,51,32,29,38,44,34,51,163,78,11,16
1400000US25017338300,25017338300,"Census Tract 3383, Middlesex County, Massachusetts",301,68,0,127,13,21,28,26,0,127,30,30,63,46,9,14,0,127,152,54,6,9
1400000US25017338400,25017338400,"Census Tract 3384, Middlesex County, Massachusetts",62,49,0,127,0,127,0,127,15,23,0,127,15,23,0,127,16,26,0,127,16,24
1400000US25017338500,25017338500,"Census Tract 3385, Middlesex County, Massachusetts",181,62,0,127,0,127,47,42,0,127,30,34,0,127,16,25,0,127,61,51,27,33
1400000US25017339100,25017339100,"Census Tract 3391, Middlesex County, Massachusetts",951,169,0,127,153,89,69,67,14,24,244,94,163,96,117,95,35,41,145,92,11,18
1400000US25017339200,25017339200,"Census Tract 3392, Middlesex County, Massachusetts",413,139,0,127,34,39,35,40,109,99,30,33,32,32,0,127,27,33,113,94,33,38
1400000US25017339300,25017339300,"Census Tract 3393, Middlesex County, Massachusetts",557,101,26,28,42,36,60,47,146,75,74,67,41,40,0,127,19,24,93,62,56,39
1400000US25017339400,25017339400,"Census Tract 3394, Middlesex County, Massachusetts",703,126,18,21,75,52,45,37,56,54,70,70,67,62,142,85,17,21,198,98,15,26
1400000US25017339500,25017339500,"Census Tract 3395, Middlesex County, Massachusetts",670,92,12,19,119,82,107,70,94,68,77,43,105,68,53,49,0,127,81,57,22,24
1400000US25017339600,25017339600,"Census Tract 3396, Middlesex County, Massachusetts",940,167,78,66,54,63,122,68,247,120,104,71,36,33,24,28,25,29,224,98,26,23
1400000US25017339700,25017339700,"Census Tract 3397, Middlesex County, Massachusetts",807,131,0,127,117,60,166,87,150,84,90,63,75,65,25,29,32,43,97,62,55,36
1400000US25017339800,25017339800,"Census Tract 3398, Middlesex County, Massachusetts",1649,299,26,29,100,62,125,90,110,66,259,122,122,90,220,122,218,122,407,228,62,53
1400000US25017339900,25017339900,"Census Tract 3399, Middlesex County, Massachusetts",1033,188,14,22,157,110,105,75,165,122,66,49,110,88,46,74,198,128,172,96,0,127
1400000US25017340000,25017340000,"Census Tract 3400, Middlesex County, Massachusetts",574,96,0,127,52,47,94,74,58,41,29,41,13,20,99,81,36,45,178,107,15,19
1400000US25017340100,25017340100,"Census Tract 3401, Middlesex County, Massachusetts",165,96,0,127,0,127,14,26,0,127,24,41,0,127,13,21,0,127,71,85,43,39
1400000US25017341100,25017341100,"Census Tract 3411, Middlesex County, Massachusetts",1749,229,47,50,77,52,351,149,190,91,179,89,211,117,176,93,145,82,194,108,179,102
1400000US25017341200,25017341200,"Census Tract 3412, Middlesex County, Massachusetts",1352,217,65,55,57,72,103,79,40,39,248,116,175,121,40,37,167,170,415,150,42,33
1400000US25017341300,25017341300,"Census Tract 3413, Middlesex County, Massachusetts",1710,171,80,55,230,91,145,77,303,139,173,78,140,102,65,72,145,99,429,140,0,127
1400000US25017341400,25017341400,"Census Tract 3414, Middlesex County, Massachusetts",1020,135,14,23,138,80,194,84,60,51,127,81,67,69,23,25,100,71,269,124,28,35
1400000US25017341500,25017341500,"Census Tract 3415, Middlesex County, Massachusetts",746,139,9,13,64,54,22,25,81,47,165,81,11,17,49,49,46,48,278,115,21,24
1400000US25017341600,25017341600,"Census Tract 3416, Middlesex County, Massachusetts",1175,156,0,127,10,16,188,109,103,57,169,97,133,81,11,18,153,95,294,143,114,70
1400000US25017341700,25017341700,"Census Tract 3417, Middlesex County, Massachusetts",723,149,0,127,20,34,133,89,75,55,64,68,16,26,70,51,62,74,241,105,42,32
1400000US25017341800,25017341800,"Census Tract 3418, Middlesex County, Massachusetts",1282,190,69,67,73,78,76,51,144,97,199,106,129,86,121,87,77,56,366,137,28,31
1400000US25017341900,25017341900,"Census Tract 3419, Middlesex County, Massachusetts",1746,196,32,36,166,85,324,130,215,119,121,69,61,44,187,104,130,68,405,137,105,70
1400000US25017342100,25017342100,"Census Tract 3421, Middlesex County, Massachusetts",1489,199,0,127,93,66,167,117,187,98,338,154,154,112,50,59,21,26,403,142,76,66
1400000US25017342200,25017342200,"Census Tract 3422, Middlesex County, Massachusetts",1425,212,25,31,116,77,242,118,105,77,202,116,124,55,193,133,71,78,315,157,32,39
1400000US25017342300,25017342300,"Census Tract 3423, Middlesex County, Massachusetts",1241,184,19,22,82,89,120,77,113,72,136,84,57,67,75,81,160,117,407,129,72,90
1400000US25017342400,25017342400,"Census Tract 3424, Middlesex County, Massachusetts",1419,191,63,72,33,37,184,123,261,145,110,79,146,84,109,67,15,23,442,188,56,47
1400000US25017342500,25017342500,"Census Tract 3425, Middlesex County, Massachusetts",1323,230,28,31,99,84,203,109,124,82,136,89,147,107,26,29,115,76,445,159,0,127
1400000US25017342600,25017342600,"Census Tract 3426, Middlesex County, Massachusetts",734,133,41,46,52,52,55,54,76,72,86,60,155,87,23,30,44,36,153,82,49,56
1400000US25017350100,25017350100,"Census Tract 3501, Middlesex County, Massachusetts",2027,192,43,59,134,86,209,112,228,97,229,123,160,83,134,93,208,164,596,189,86,79
1400000US25017350200,25017350200,"Census Tract 3502, Middlesex County, Massachusetts",1682,197,21,25,213,128,205,129,277,122,271,131,131,104,38,60,96,82,416,136,14,23
1400000US25017350300,25017350300,"Census Tract 3503, Middlesex County, Massachusetts",509,101,34,41,49,50,84,55,88,54,7,12,47,37,30,35,17,21,153,83,0,127
1400000US25017350400,25017350400,"Census Tract 3504, Middlesex County, Massachusetts",1433,154,14,23,80,47,296,106,291,125,49,39,219,104,132,84,91,82,261,135,0,127
1400000US25017350500,25017350500,"Census Tract 3505, Middlesex County, Massachusetts",466,87,27,28,85,53,133,66,16,24,60,46,57,40,27,29,48,39,13,20,0,127
1400000US25017350600,25017350600,"Census Tract 3506, Middlesex County, Massachusetts",673,109,39,40,81,65,114,56,109,49,64,46,30,32,0,127,9,15,175,74,52,37
1400000US25017350700,25017350700,"Census Tract 3507, Middlesex County, Massachusetts",1989,217,134,93,194,77,322,135,318,144,192,99,258,148,136,86,105,84,330,139,0,127
1400000US25017350800,25017350800,"Census Tract 3508, Middlesex County, Massachusetts",449,98,0,127,9,14,12,22,54,38,115,69,86,61,82,69,9,13,73,59,9,16
1400000US25017350900,25017350900,"Census Tract 3509, Middlesex County, Massachusetts",1036,109,18,21,123,84,88,56,185,87,126,64,48,41,65,56,95,78,259,106,29,29
1400000US25017351000,25017351000,"Census Tract 3510, Middlesex County, Massachusetts",2208,191,90,82,223,104,345,125,462,172,231,110,123,81,18,22,237,126,423,190,56,68
1400000US25017351100,25017351100,"Census Tract 3511, Middlesex County, Massachusetts",1716,196,0,127,119,73,186,88,326,115,202,81,161,98,97,83,160,107,430,173,35,38
1400000US25017351200,25017351200,"Census Tract 3512, Middlesex County, Massachusetts",2401,263,51,79,257,135,473,191,440,166,316,142,258,112,90,58,69,61,436,163,11,17
1400000US25017351300,25017351300,"Census Tract 3513, Middlesex County, Massachusetts",1255,191,74,55,93,90,212,114,253,141,258,121,73,48,33,36,83,52,176,104,0,127
1400000US25017351400,25017351400,"Census Tract 3514, Middlesex County, Massachusetts",1986,221,67,63,132,103,164,101,172,98,297,142,199,139,89,69,169,120,594,169,103,85
1400000US25017351500,25017351500,"Census Tract 3515, Middlesex County, Massachusetts",644,125,0,127,13,22,110,85,100,68,60,41,137,93,67,62,16,23,141,89,0,127
1400000US25017352100,25017352100,"Census Tract 3521, Middlesex County, Massachusetts",667,134,11,17,29,30,65,51,66,36,105,69,63,46,38,44,38,36,199,91,53,49
1400000US25017352200,25017352200,"Census Tract 3522, Middlesex County, Massachusetts",843,128,10,15,97,78,47,32,51,37,221,103,175,117,20,21,64,73,135,69,23,27
1400000US25017352300,25017352300,"Census Tract 3523, Middlesex County, Massachusetts",868,128,21,25,66,45,67,46,194,103,88,60,50,39,61,57,39,38,282,106,0,127
1400000US25017352400,25017352400,"Census Tract 3524, Middlesex County, Massachusetts",692,81,24,32,38,41,77,52,151,71,139,73,23,37,40,39,10,16,146,69,44,40
1400000US25017352500,25017352500,"Census Tract 3525, Middlesex County, Massachusetts",914,103,9,15,40,34,61,48,50,46,160,73,196,92,135,68,60,56,203,98,0,127
1400000US25017352600,25017352600,"Census Tract 3526, Middlesex County, Massachusetts",848,97,9,17,79,44,168,80,92,62,118,70,64,50,56,57,59,49,168,77,35,44
1400000US25017352700,25017352700,"Census Tract 3527, Middlesex County, Massachusetts",947,117,15,18,169,109,76,54,81,64,206,92,150,82,57,57,47,52,136,80,10,17
1400000US25017352800,25017352800,"Census Tract 3528, Middlesex County, Massachusetts",609,110,13,26,11,17,107,84,96,58,19,22,63,55,47,53,66,61,152,81,35,45
1400000US25017352900,25017352900,"Census Tract 3529, Middlesex County, Massachusetts",742,123,44,41,71,61,103,58,127,68,85,50,42,42,25,29,96,72,92,68,57,46
1400000US25017353000,25017353000,"Census Tract 3530, Middlesex County, Massachusetts",1466,164,51,40,77,52,182,72,161,108,321,136,235,113,34,35,135,96,262,123,8,13
1400000US25017353100,25017353100,"Census Tract 3531, Middlesex County, Massachusetts",1533,130,47,57,121,65,160,86,179,81,235,91,56,53,58,45,110,62,456,131,111,77
1400000US25017353200,25017353200,"Census Tract 3532, Middlesex County, Massachusetts",1060,139,12,19,10,16,146,78,171,91,83,47,74,55,209,106,25,29,267,95,63,67
1400000US25017353300,25017353300,"Census Tract 3533, Middlesex County, Massachusetts",1153,143,48,39,96,82,177,75,195,107,192,99,83,47,82,51,109,80,148,77,23,28
1400000US25017353400,25017353400,"Census Tract 3534, Middlesex County, Massachusetts",837,116,0,127,39,36,139,73,90,65,133,79,60,33,101,69,65,61,195,106,15,24
1400000US25017353500,25017353500,"Census Tract 3535, Middlesex County, Massachusetts",911,112,30,33,64,40,87,53,124,67,141,59,114,74,48,36,40,35,224,88,39,51
1400000US25017353600,25017353600,"Census Tract 3536, Middlesex County, Massachusetts",1209,184,46,58,71,55,76,50,145,67,73,47,27,29,53,39,116,59,458,118,144,59
1400000US25017353700,25017353700,"Census Tract 3537, Middlesex County, Massachusetts",1392,159,38,35,106,59,134,89,86,58,45,41,52,37,175,95,124,59,551,134,81,48
1400000US25017353800,25017353800,"Census Tract 3538, Middlesex County, Massachusetts",1869,187,94,77,33,37,225,106,414,165,255,122,105,71,81,57,66,81,544,162,52,50
1400000US25017353900,25017353900,"Census Tract 3539, Middlesex County, Massachusetts",1141,93,43,35,19,23,37,32,76,54,75,40,53,34,54,47,111,56,506,99,167,69
1400000US25017354000,25017354000,"Census Tract 3540, Middlesex County, Massachusetts",1357,195,57,54,174,95,14,24,159,84,39,38,134,77,66,54,149,100,494,151,71,46
1400000US25017354100,25017354100,"Census Tract 3541, Middlesex County, Massachusetts",866,135,35,31,89,75,59,49,66,40,134,84,111,85,22,26,48,35,235,113,67,52
1400000US25017354200,25017354200,"Census Tract 3542, Middlesex County, Massachusetts",337,78,0,127,8,14,48,39,40,30,0,127,24,26,27,22,60,63,87,59,43,30
1400000US25017354300,25017354300,"Census Tract 3543, Middlesex County, Massachusetts",955,132,5,11,37,34,206,102,172,63,71,64,72,50,22,25,65,48,228,87,77,65
1400000US25017354400,25017354400,"Census Tract 3544, Middlesex County, Massachusetts",331,101,12,18,64,45,33,30,32,33,70,55,12,20,3,8,21,27,59,39,25,30
1400000US25017354500,25017354500,"Census Tract 3545, Middlesex County, Massachusetts",810,112,22,22,91,67,102,50,46,36,148,72,116,84,64,46,54,47,128,78,39,30
1400000US25017354600,25017354600,"Census Tract 3546, Middlesex County, Massachusetts",1475,131,101,92,236,114,222,89,150,80,145,74,105,82,52,52,167,96,266,122,31,24
1400000US25017354700,25017354700,"Census Tract 3547, Middlesex County, Massachusetts",654,129,56,51,23,26,36,34,171,70,69,56,91,82,68,49,35,33,105,86,0,127
1400000US25017354800,25017354800,"Census Tract 3548, Middlesex County, Massachusetts",433,87,12,21,20,24,61,52,123,67,17,20,51,38,58,62,12,19,54,41,25,29
1400000US25017354900,25017354900,"Census Tract 3549, Middlesex County, Massachusetts",1777,165,43,33,171,121,59,46,245,115,321,131,141,71,111,65,89,81,475,158,122,86
1400000US25017355000,25017355000,"Census Tract 3550, Middlesex County, Massachusetts",806,120,68,58,28,29,124,76,139,79,130,85,22,25,94,53,15,24,176,94,10,17
1400000US25017356100,25017356100,"Census Tract 3561, Middlesex County, Massachusetts",720,99,38,28,109,59,109,67,93,45,60,48,55,37,44,46,37,28,129,66,46,45
1400000US25017356200,25017356200,"Census Tract 3562, Middlesex County, Massachusetts",1569,191,0,127,211,98,266,115,326,131,274,121,14,22,36,43,50,40,340,131,52,55
1400000US25017356300,25017356300,"Census Tract 3563, Middlesex County, Massachusetts",1276,188,24,26,91,85,131,69,287,141,100,74,76,44,157,89,102,56,257,105,51,56
1400000US25017356400,25017356400,"Census Tract 3564, Middlesex County, Massachusetts",514,128,66,72,31,34,112,62,43,40,21,33,30,34,0,127,97,83,59,46,55,68
1400000US25017356500,25017356500,"Census Tract 3565, Middlesex County, Massachusetts",697,134,0,127,46,44,129,66,116,83,105,77,92,61,30,45,47,43,98,63,34,39
1400000US25017356601,25017356601,"Census Tract 3566.01, Middlesex County, Massachusetts",550,138,0,127,70,61,17,29,144,88,162,103,20,32,57,53,0,127,64,55,16,25
1400000US25017356602,25017356602,"Census Tract 3566.02, Middlesex County, Massachusetts",398,85,6,10,38,27,52,33,71,42,28,29,34,29,32,31,10,16,35,33,92,69
1400000US25017356700,25017356700,"Census Tract 3567, Middlesex County, Massachusetts",1149,166,15,23,101,60,170,95,218,117,90,77,203,123,88,75,114,76,92,64,58,46
1400000US25017357100,25017357100,"Census Tract 3571, Middlesex County, Massachusetts",414,77,31,43,11,19,58,39,86,40,28,25,21,23,12,19,22,27,135,45,10,15
1400000US25017357200,25017357200,"Census Tract 3572, Middlesex County, Massachusetts",187,71,39,57,36,31,26,26,10,16,0,127,20,23,0,127,9,14,37,34,10,15
1400000US25017357300,25017357300,"Census Tract 3573, Middlesex County, Massachusetts",620,89,10,20,58,40,63,43,153,71,63,53,105,55,18,22,31,38,92,47,27,27
1400000US25017357400,25017357400,"Census Tract 3574, Middlesex County, Massachusetts",280,67,22,31,54,39,52,31,29,25,27,22,14,21,13,21,0,127,48,44,21,23
1400000US25017357500,25017357500,"Census Tract 3575, Middlesex County, Massachusetts",459,70,0,127,54,39,77,52,42,39,37,29,25,31,15,23,23,39,172,85,14,17
1400000US25017357600,25017357600,"Census Tract 3576, Middlesex County, Massachusetts",460,95,0,127,30,27,91,53,33,28,61,43,46,33,14,17,34,29,145,78,6,11
1400000US25017357700,25017357700,"Census Tract 3577, Middlesex County, Massachusetts",672,114,8,13,53,52,84,38,83,52,124,66,46,33,26,25,45,46,176,77,27,26
1400000US25017357800,25017357800,"Census Tract 3578, Middlesex County, Massachusetts",256,76,0,127,51,40,39,28,11,17,9,15,11,16,33,44,16,19,18,19,68,52
1400000US25017358100,25017358100,"Census Tract 3581, Middlesex County, Massachusetts",201,75,24,24,0,127,15,19,70,58,29,25,0,127,9,15,20,21,12,15,22,25
1400000US25017358300,25017358300,"Census Tract 3583, Middlesex County, Massachusetts",685,99,11,19,113,80,66,41,71,50,123,70,35,32,34,37,75,59,139,72,18,22
1400000US25017358400,25017358400,"Census Tract 3584, Middlesex County, Massachusetts",337,83,10,15,36,26,16,24,78,71,14,19,52,49,30,28,11,18,69,44,21,17
1400000US25017358500,25017358500,"Census Tract 3585, Middlesex County, Massachusetts",166,79,36,41,0,127,19,22,9,16,0,127,9,14,9,17,21,25,21,24,42,51
1400000US25017358600,25017358600,"Census Tract 3586, Middlesex County, Massachusetts",418,100,0,127,54,47,34,35,104,73,28,32,37,41,0,127,33,39,90,58,38,41
1400000US25017358700,25017358700,"Census Tract 3587, Middlesex County, Massachusetts",146,63,0,127,17,24,33,34,11,17,10,16,0,127,0,127,10,15,33,31,32,31
1400000US25017359100,25017359100,"Census Tract 3591, Middlesex County, Massachusetts",434,106,13,17,43,43,14,22,58,37,10,16,123,91,23,27,33,27,95,65,22,28
1400000US25017359300,25017359300,"Census Tract 3593, Middlesex County, Massachusetts",532,132,0,127,40,38,36,33,56,45,101,75,94,87,7,12,16,27,138,86,44,41
1400000US25017360100,25017360100,"Census Tract 3601, Middlesex County, Massachusetts",671,70,0,127,0,127,41,39,58,41,74,53,85,62,130,97,92,74,108,79,83,52
1400000US25017360200,25017360200,"Census Tract 3602, Middlesex County, Massachusetts",271,95,0,127,27,33,44,67,31,38,17,27,0,127,17,29,39,36,61,49,35,35
1400000US25017361100,25017361100,"Census Tract 3611, Middlesex County, Massachusetts",269,82,9,15,74,63,69,57,14,23,5,10,0,127,44,41,14,23,19,22,21,28
1400000US25017361200,25017361200,"Census Tract 3612, Middlesex County, Massachusetts",489,102,43,51,90,64,28,25,82,67,30,49,29,23,50,45,38,31,89,47,10,17
1400000US25017361300,25017361300,"Census Tract 3613, Middlesex County, Massachusetts",322,91,10,17,0,127,22,25,51,48,13,21,61,40,30,33,28,39,59,48,48,39
1400000US25017362100,25017362100,"Census Tract 3621, Middlesex County, Massachusetts",139,68,0,127,22,18,0,127,11,17,21,23,13,21,0,127,7,12,65,68,0,127
1400000US25017363101,25017363101,"Census Tract 3631.01, Middlesex County, Massachusetts",387,99,0,127,36,41,71,50,62,76,76,58,24,28,60,50,0,127,58,51,0,127
1400000US25017363102,25017363102,"Census Tract 3631.02, Middlesex County, Massachusetts",764,115,48,61,57,38,94,62,63,47,121,56,49,40,128,157,110,78,94,46,0,127
1400000US25017363201,25017363201,"Census Tract 3632.01, Middlesex County, Massachusetts",165,67,9,15,32,46,42,47,15,18,9,14,27,27,0,127,11,17,20,23,0,127
1400000US25017363202,25017363202,"Census Tract 3632.02, Middlesex County, Massachusetts",78,47,0,127,18,26,25,29,0,127,10,17,0,127,0,127,9,16,16,25,0,127
1400000US25017364101,25017364101,"Census Tract 3641.01, Middlesex County, Massachusetts",723,132,36,58,78,70,70,71,195,130,51,42,71,70,37,37,13,22,160,91,12,21
1400000US25017364102,25017364102,"Census Tract 3641.02, Middlesex County, Massachusetts",473,107,9,14,26,29,87,52,116,81,54,47,0,127,0,127,41,40,55,60,85,73
1400000US25017365100,25017365100,"Census Tract 3651, Middlesex County, Massachusetts",24,19,0,127,11,17,0,127,0,127,0,127,0,127,0,127,0,127,0,127,13,20
1400000US25017365201,25017365201,"Census Tract 3652.01, Middlesex County, Massachusetts",33,23,0,127,0,127,7,12,4,7,11,16,11,18,0,127,0,127,0,127,0,127
1400000US25017365202,25017365202,"Census Tract 3652.02, Middlesex County, Massachusetts",251,93,16,20,47,41,9,16,0,127,18,22,53,38,32,52,0,127,57,55,19,22
1400000US25017366100,25017366100,"Census Tract 3661, Middlesex County, Massachusetts",386,100,0,127,50,48,51,43,67,50,120,78,22,23,12,14,35,39,20,24,9,14
1400000US25017366200,25017366200,"Census Tract 3662, Middlesex County, Massachusetts",132,68,19,24,0,127,0,127,14,21,0,127,11,19,0,127,12,20,42,50,34,33
1400000US25017367100,25017367100,"Census Tract 3671, Middlesex County, Massachusetts",106,53,0,127,12,19,0,127,11,17,0,127,0,127,0,127,23,19,23,26,37,35
1400000US25017367200,25017367200,"Census Tract 3672, Middlesex County, Massachusetts",267,86,14,22,43,40,46,45,27,31,15,23,13,21,0,127,14,23,66,69,29,34
1400000US25017368101,25017368101,"Census Tract 3681.01, Middlesex County, Massachusetts",1002,179,35,54,43,38,194,132,109,68,46,44,177,97,31,38,76,54,201,98,90,74
1400000US25017368102,25017368102,"Census Tract 3681.02, Middlesex County, Massachusetts",186,66,0,127,13,19,16,18,48,46,12,19,38,46,0,127,0,127,43,42,16,18
1400000US25017368200,25017368200,"Census Tract 3682, Middlesex County, Massachusetts",719,129,9,15,68,55,207,88,48,35,8,14,59,56,28,44,102,60,135,74,55,67
1400000US25017368300,25017368300,"Census Tract 3683, Middlesex County, Massachusetts",1208,213,0,127,166,73,129,91,176,109,103,73,101,66,33,52,91,97,309,149,100,77
1400000US25017368400,25017368400,"Census Tract 3684, Middlesex County, Massachusetts",1687,201,20,28,107,65,208,116,242,112,186,91,145,88,189,105,92,85,380,145,118,101
1400000US25017368500,25017368500,"Census Tract 3685, Middlesex County, Massachusetts",1627,146,77,47,66,50,255,96,177,62,366,179,152,95,87,67,136,81,242,107,69,68
1400000US25017368600,25017368600,"Census Tract 3686, Middlesex County, Massachusetts",1397,196,72,67,67,48,153,95,238,112,220,118,52,42,135,98,91,71,346,143,23,29
1400000US25017368700,25017368700,"Census Tract 3687, Middlesex County, Massachusetts",515,128,75,103,58,40,45,32,41,26,116,74,0,127,23,35,15,18,128,71,14,17
1400000US25017368800,25017368800,"Census Tract 3688, Middlesex County, Massachusetts",1112,179,6,10,64,46,189,105,154,88,112,76,98,69,64,60,133,86,220,102,72,79
1400000US25017368901,25017368901,"Census Tract 3689.01, Middlesex County, Massachusetts",689,134,0,127,62,46,44,51,103,71,0,127,79,66,53,58,31,35,276,115,41,39
1400000US25017368902,25017368902,"Census Tract 3689.02, Middlesex County, Massachusetts",1144,118,10,15,131,67,84,59,81,49,169,68,88,52,110,71,24,20,411,121,36,41
1400000US25017369000,25017369000,"Census Tract 3690, Middlesex County, Massachusetts",42,37,0,127,0,127,0,127,22,33,0,127,0,127,0,127,0,127,10,16,10,16
1400000US25017369100,25017369100,"Census Tract 3691, Middlesex County, Massachusetts",299,81,0,127,41,52,93,73,20,17,21,23,11,19,20,23,15,23,70,72,8,13
1400000US25017370101,25017370101,"Census Tract 3701.01, Middlesex County, Massachusetts",993,147,18,29,229,122,113,62,139,79,126,59,65,51,60,46,23,28,176,107,44,36
1400000US25017370102,25017370102,"Census Tract 3701.02, Middlesex County, Massachusetts",1820,218,164,123,218,122,296,126,289,106,256,129,97,58,69,62,135,72,264,113,32,35
1400000US25017370200,25017370200,"Census Tract 3702, Middlesex County, Massachusetts",1318,201,30,34,117,65,213,84,299,117,132,64,158,94,46,51,123,95,171,106,29,34
1400000US25017370300,25017370300,"Census Tract 3703, Middlesex County, Massachusetts",1653,197,60,73,256,109,206,121,301,148,185,74,149,81,103,76,62,70,271,118,60,43
1400000US25017370400,25017370400,"Census Tract 3704, Middlesex County, Massachusetts",907,179,24,36,44,44,283,127,110,92,164,100,47,46,33,32,46,49,139,65,17,21
1400000US25017373100,25017373100,"Census Tract 3731, Middlesex County, Massachusetts",930,165,12,19,146,77,175,83,25,28,157,91,57,48,12,19,54,69,251,110,41,36
1400000US25017373200,25017373200,"Census Tract 3732, Middlesex County, Massachusetts",982,131,28,33,128,91,217,97,60,42,144,86,79,70,141,78,48,40,108,70,29,32
1400000US25017373300,25017373300,"Census Tract 3733, Middlesex County, Massachusetts",456,124,25,38,9,14,98,66,54,49,34,25,54,35,20,21,39,48,123,122,0,127
1400000US25017373400,25017373400,"Census Tract 3734, Middlesex County, Massachusetts",443,82,16,17,35,30,84,44,56,37,40,45,70,59,31,28,0,127,100,59,11,18
1400000US25017373500,25017373500,"Census Tract 3735, Middlesex County, Massachusetts",367,89,0,127,15,18,121,118,9,15,26,22,23,18,6,12,0,127,113,72,54,49
1400000US25017373600,25017373600,"Census Tract 3736, Middlesex County, Massachusetts",351,73,25,20,37,44,0,127,25,20,39,32,41,47,0,127,16,19,130,64,38,25
1400000US25017373700,25017373700,"Census Tract 3737, Middlesex County, Massachusetts",48,36,11,18,10,16,0,127,8,13,0,127,0,127,9,13,0,127,0,127,10,17
1400000US25017373800,25017373800,"Census Tract 3738, Middlesex County, Massachusetts",923,164,35,39,55,42,187,82,146,98,152,89,96,79,21,25,11,18,170,94,50,67
1400000US25017373900,25017373900,"Census Tract 3739, Middlesex County, Massachusetts",422,147,14,19,14,23,128,90,0,127,57,79,68,53,37,35,14,21,90,73,0,127
1400000US25017374000,25017374000,"Census Tract 3740, Middlesex County, Massachusetts",255,79,10,15,30,42,31,48,16,23,44,27,18,22,10,15,0,127,79,68,17,19
1400000US25017374100,25017374100,"Census Tract 3741, Middlesex County, Massachusetts",718,143,0,127,101,68,110,68,82,67,94,109,59,62,18,30,91,91,117,80,46,50
1400000US25017374200,25017374200,"Census Tract 3742, Middlesex County, Massachusetts",314,89,0,127,67,53,89,49,31,30,18,22,12,19,28,44,27,25,37,31,5,10
1400000US25017374300,25017374300,"Census Tract 3743, Middlesex County, Massachusetts",85,39,12,19,0,127,0,127,10,16,23,25,0,127,0,127,17,21,23,26,0,127
1400000US25017374400,25017374400,"Census Tract 3744, Middlesex County, Massachusetts",307,94,0,127,55,56,0,127,16,21,86,45,23,29,46,70,44,40,37,34,0,127
1400000US25017374500,25017374500,"Census Tract 3745, Middlesex County, Massachusetts",553,94,37,29,25,28,79,54,100,73,87,47,35,33,14,22,50,31,112,69,14,21
1400000US25017374600,25017374600,"Census Tract 3746, Middlesex County, Massachusetts",511,101,33,36,36,42,161,63,20,19,50,47,43,39,38,36,21,33,58,39,51,39
1400000US25017374700,25017374700,"Census Tract 3747, Middlesex County, Massachusetts",591,125,36,36,48,36,59,52,82,67,54,37,86,61,11,16,11,19,121,64,83,85
1400000US25017374800,25017374800,"Census Tract 3748, Middlesex County, Massachusetts",416,86,0,127,75,49,45,34,31,26,44,29,23,23,15,17,40,33,134,65,9,14
1400000US25017382100,25017382100,"Census Tract 3821, Middlesex County, Massachusetts",47,34,0,127,0,127,7,12,12,19,0,127,0,127,5,9,0,127,12,18,11,17
1400000US25017382200,25017382200,"Census Tract 3822, Middlesex County, Massachusetts",411,88,18,21,88,67,80,50,60,47,29,35,13,21,29,32,11,17,28,24,55,57
1400000US25017382300,25017382300,"Census Tract 3823, Middlesex County, Massachusetts",297,114,16,26,0,127,33,26,21,24,129,105,16,26,0,127,16,25,56,40,10,16
1400000US25017382400,25017382400,"Census Tract 3824, Middlesex County, Massachusetts",600,116,0,127,26,25,29,26,72,45,104,56,121,77,21,24,61,45,155,83,11,16
1400000US25017382500,25017382500,"Census Tract 3825, Middlesex County, Massachusetts",510,100,5,9,49,34,70,52,76,62,69,66,30,28,67,63,25,23,106,72,13,19
1400000US25017382600,25017382600,"Census Tract 3826, Middlesex County, Massachusetts",1076,179,30,34,125,89,217,113,228,130,170,77,135,90,39,39,68,50,39,36,25,30
1400000US25017383100,25017383100,"Census Tract 3831, Middlesex County, Massachusetts",2418,175,112,74,139,90,137,86,317,127,311,142,438,195,306,133,115,77,499,160,44,39
1400000US25017383200,25017383200,"Census Tract 3832, Middlesex County, Massachusetts",958,195,7,14,83,66,85,76,158,100,213,128,61,58,55,49,54,60,198,113,44,40
1400000US25017383300,25017383300,"Census Tract 3833, Middlesex County, Massachusetts",552,125,21,17,29,31,28,25,70,71,34,33,35,34,21,25,0,127,314,150,0,127
1400000US25017383400,25017383400,"Census Tract 3834, Middlesex County, Massachusetts",1003,179,29,32,81,97,61,60,254,113,120,68,82,62,78,75,138,94,160,115,0,127
1400000US25017383501,25017383501,"Census Tract 3835.01, Middlesex County, Massachusetts",1634,182,74,95,101,84,141,76,143,83,291,133,190,104,172,117,103,83,376,141,43,46
1400000US25017383502,25017383502,"Census Tract 3835.02, Middlesex County, Massachusetts",469,79,0,127,53,35,43,46,17,20,46,39,89,63,29,36,73,54,110,58,9,13
1400000US25017383600,25017383600,"Census Tract 3836, Middlesex County, Massachusetts",858,175,0,127,77,69,109,86,55,46,78,84,66,55,12,21,40,37,410,162,11,19
1400000US25017383700,25017383700,"Census Tract 3837, Middlesex County, Massachusetts",465,133,0,127,15,23,89,76,32,38,0,127,126,92,13,20,50,62,118,84,22,36
1400000US25017383800,25017383800,"Census Tract 3838, Middlesex County, Massachusetts",347,117,68,66,78,68,37,56,13,22,102,86,9,16,12,21,19,25,9,17,0,127
1400000US25017383901,25017383901,"Census Tract 3839.01, Middlesex County, Massachusetts",349,128,0,127,0,127,27,30,0,127,81,69,15,26,0,127,52,63,144,95,30,32
1400000US25017383902,25017383902,"Census Tract 3839.02, Middlesex County, Massachusetts",52,40,0,127,10,16,10,16,0,127,0,127,0,127,0,127,0,127,22,24,10,16
1400000US25017384000,25017384000,"Census Tract 3840, Middlesex County, Massachusetts",1375,161,68,78,107,66,334,136,153,108,124,81,115,82,24,25,205,112,245,105,0,127
1400000US25017385100,25017385100,"Census Tract 3851, Middlesex County, Massachusetts",421,108,67,67,12,18,17,26,47,33,16,21,43,37,0,127,86,65,85,57,48,61
1400000US25017385200,25017385200,"Census Tract 3852, Middlesex County, Massachusetts",570,151,10,16,47,48,47,45,59,60,13,21,48,77,66,42,79,71,201,100,0,127
1400000US25017386100,25017386100,"Census Tract 3861, Middlesex County, Massachusetts",110,66,0,127,0,127,14,21,22,25,38,43,0,127,12,18,0,127,0,127,24,26
1400000US25017387100,25017387100,"Census Tract 3871, Middlesex County, Massachusetts",100,45,11,17,21,30,13,21,9,14,14,21,12,18,0,127,0,127,11,18,9,15
1400000US25017387201,25017387201,"Census Tract 3872.01, Middlesex County, Massachusetts",282,91,55,50,21,32,18,28,60,45,17,26,0,127,77,57,16,27,18,28,0,127
1400000US25017387202,25017387202,"Census Tract 3872.02, Middlesex County, Massachusetts",77,41,0,127,0,127,15,24,0,127,31,29,13,20,0,127,7,11,11,17,0,127
1400000US25017388100,25017388100,"Census Tract 3881, Middlesex County, Massachusetts",447,98,0,127,54,37,45,31,71,45,56,51,28,44,0,127,54,61,122,78,17,18
1400000US25021400100,25021400100,"Census Tract 4001, Norfolk County, Massachusetts",1412,166,41,54,142,76,212,108,124,84,186,94,52,43,82,72,156,93,307,146,110,86
1400000US25021400200,25021400200,"Census Tract 4002, Norfolk County, Massachusetts",1709,155,65,106,101,64,136,82,205,87,206,110,94,71,93,62,97,65,675,194,37,43
1400000US25021400300,25021400300,"Census Tract 4003, Norfolk County, Massachusetts",690,129,33,29,60,41,87,55,117,61,39,34,35,33,18,16,51,38,166,96,84,64
1400000US25021400400,25021400400,"Census Tract 4004, Norfolk County, Massachusetts",1360,191,39,36,47,39,124,65,149,66,141,83,97,47,75,61,104,75,480,143,104,84
1400000US25021400500,25021400500,"Census Tract 4005, Norfolk County, Massachusetts",1310,160,26,38,56,43,239,104,256,95,117,63,122,66,56,46,134,65,231,107,73,65
1400000US25021400600,25021400600,"Census Tract 4006, Norfolk County, Massachusetts",611,137,43,69,14,23,169,114,64,78,0,127,14,22,51,66,24,27,190,108,42,40
1400000US25021400700,25021400700,"Census Tract 4007, Norfolk County, Massachusetts",379,109,0,127,23,24,20,20,11,19,71,44,34,31,63,38,32,29,125,77,0,127
1400000US25021400800,25021400800,"Census Tract 4008, Norfolk County, Massachusetts",1391,165,48,37,217,96,187,92,144,80,172,77,236,132,87,72,114,77,143,84,43,42
1400000US25021400900,25021400900,"Census Tract 4009, Norfolk County, Massachusetts",1171,170,14,23,77,70,232,122,131,65,203,107,155,95,67,47,43,41,235,119,14,23
1400000US25021401000,25021401000,"Census Tract 4010, Norfolk County, Massachusetts",663,91,60,56,104,51,98,71,118,67,68,40,9,15,39,51,33,27,124,64,10,16
1400000US25021401100,25021401100,"Census Tract 4011, Norfolk County, Massachusetts",278,89,12,18,0,127,33,28,23,21,18,20,12,18,16,25,14,21,109,72,41,33
1400000US25021401200,25021401200,"Census Tract 4012, Norfolk County, Massachusetts",666,136,47,58,6,13,83,52,172,109,126,100,20,24,0,127,23,27,140,70,49,61
1400000US25021402101,25021402101,"Census Tract 4021.01, Norfolk County, Massachusetts",383,125,12,20,100,95,67,67,20,25,34,30,36,35,31,28,0,127,45,35,38,28
1400000US25021402102,25021402102,"Census Tract 4021.02, Norfolk County, Massachusetts",543,136,7,15,11,19,18,20,88,70,88,63,44,50,41,53,47,50,167,84,32,49
1400000US25021402200,25021402200,"Census Tract 4022, Norfolk County, Massachusetts",116,48,0,127,19,19,13,19,11,18,0,127,0,127,0,127,36,39,27,25,10,16
1400000US25021402300,25021402300,"Census Tract 4023, Norfolk County, Massachusetts",80,64,0,127,12,18,0,127,12,19,36,53,9,14,11,18,0,127,0,127,0,127
1400000US25021402400,25021402400,"Census Tract 4024, Norfolk County, Massachusetts",434,101,18,21,22,25,87,69,54,41,44,30,30,29,78,61,36,36,53,59,12,18
1400000US25021402500,25021402500,"Census Tract 4025, Norfolk County, Massachusetts",320,104,11,16,0,127,27,31,0,127,9,15,0,127,54,66,13,20,150,72,56,74
1400000US25021403100,25021403100,"Census Tract 4031, Norfolk County, Massachusetts",137,104,0,127,50,74,0,127,0,127,49,74,0,127,0,127,0,127,23,36,15,22
1400000US25021403200,25021403200,"Census Tract 4032, Norfolk County, Massachusetts",111,64,34,52,0,127,13,21,21,24,0,127,0,127,6,10,19,20,18,21,0,127
1400000US25021403300,25021403300,"Census Tract 4033, Norfolk County, Massachusetts",90,55,0,127,0,127,0,127,0,127,20,31,0,127,0,127,0,127,60,39,10,16
1400000US25021403400,25021403400,"Census Tract 4034, Norfolk County, Massachusetts",1009,169,79,78,85,75,87,81,46,42,147,82,41,38,38,35,71,52,342,140,73,45
1400000US25021403500,25021403500,"Census Tract 4035, Norfolk County, Massachusetts",358,114,9,15,0,127,6,13,73,39,39,34,30,32,38,43,13,24,95,57,55,78
1400000US25021404100,25021404100,"Census Tract 4041, Norfolk County, Massachusetts",303,72,8,13,11,17,41,29,18,17,21,19,0,127,20,23,21,24,101,73,62,82
1400000US25021404201,25021404201,"Census Tract 4042.01, Norfolk County, Massachusetts",82,45,9,14,25,37,39,24,0,127,0,127,0,127,0,127,0,127,9,14,0,127
1400000US25021404202,25021404202,"Census Tract 4042.02, Norfolk County, Massachusetts",156,44,22,27,0,127,22,22,0,127,0,127,3,6,14,22,14,23,73,33,8,12
1400000US25021404301,25021404301,"Census Tract 4043.01, Norfolk County, Massachusetts",92,44,7,12,9,16,11,18,0,127,11,18,9,13,14,20,0,127,8,14,23,24
1400000US25021404302,25021404302,"Census Tract 4043.02, Norfolk County, Massachusetts",254,88,28,28,40,64,42,31,19,19,38,33,8,14,34,40,0,127,45,30,0,127
1400000US25021404400,25021404400,"Census Tract 4044, Norfolk County, Massachusetts",783,189,88,65,108,77,79,50,53,55,94,63,75,66,0,127,44,44,94,85,148,79
1400000US25021405100,25021405100,"Census Tract 4051, Norfolk County, Massachusetts",157,86,10,17,55,54,23,25,29,46,0,127,22,34,0,127,0,127,9,14,9,16
1400000US25021406101,25021406101,"Census Tract 4061.01, Norfolk County, Massachusetts",395,78,0,127,26,30,23,25,64,43,92,66,25,28,17,18,26,29,108,68,14,17
1400000US25021406102,25021406102,"Census Tract 4061.02, Norfolk County, Massachusetts",84,45,0,127,24,27,21,23,0,127,10,15,10,16,0,127,9,16,0,127,10,16
1400000US25021407100,25021407100,"Census Tract 4071, Norfolk County, Massachusetts",555,109,0,127,42,40,86,56,38,38,75,61,134,84,13,22,13,21,138,73,16,25
1400000US25021408101,25021408101,"Census Tract 4081.01, Norfolk County, Massachusetts",154,69,0,127,17,26,49,75,26,30,0,127,62,47,0,127,0,127,0,127,0,127
1400000US25021408102,25021408102,"Census Tract 4081.02, Norfolk County, Massachusetts",363,79,8,14,19,29,110,58,27,27,58,33,13,15,0,127,0,127,105,69,23,19
1400000US25021409101,25021409101,"Census Tract 4091.01, Norfolk County, Massachusetts",69,37,0,127,0,127,0,127,9,14,8,11,7,13,0,127,12,19,33,28,0,127
1400000US25021409102,25021409102,"Census Tract 4091.02, Norfolk County, Massachusetts",108,56,15,17,30,47,11,18,0,127,7,12,20,22,0,127,0,127,19,22,6,10
1400000US25021410100,25021410100,"Census Tract 4101, Norfolk County, Massachusetts",545,124,52,44,69,72,37,35,114,78,71,52,11,17,15,24,59,50,69,75,48,37
1400000US25021410300,25021410300,"Census Tract 4103, Norfolk County, Massachusetts",58,50,0,127,11,16,9,15,38,47,0,127,0,127,0,127,0,127,0,127,0,127
1400000US25021410400,25021410400,"Census Tract 4104, Norfolk County, Massachusetts",988,141,62,50,126,74,125,85,188,92,183,94,66,81,30,34,53,49,96,58,59,68
1400000US25021411100,25021411100,"Census Tract 4111, Norfolk County, Massachusetts",482,137,60,74,88,67,35,39,32,41,47,34,20,22,32,32,23,28,88,46,57,57
1400000US25021411200,25021411200,"Census Tract 4112, Norfolk County, Massachusetts",350,138,25,36,26,30,28,32,42,45,92,81,22,33,9,14,20,32,86,67,0,127
1400000US25021411300,25021411300,"Census Tract 4113, Norfolk County, Massachusetts",588,146,0,127,23,26,64,53,0,127,32,25,30,36,0,127,58,41,214,110,167,102
1400000US25021412100,25021412100,"Census Tract 4121, Norfolk County, Massachusetts",275,71,0,127,30,33,15,23,40,40,0,127,79,66,21,25,35,37,42,38,13,20
1400000US25021412200,25021412200,"Census Tract 4122, Norfolk County, Massachusetts",259,79,0,127,0,127,17,18,16,18,9,14,7,11,70,60,0,127,103,63,37,40
1400000US25021412300,25021412300,"Census Tract 4123, Norfolk County, Massachusetts",66,62,10,15,10,16,9,14,37,55,0,127,0,127,0,127,0,127,0,127,0,127
1400000US25021413100,25021413100,"Census Tract 4131, Norfolk County, Massachusetts",702,136,52,61,69,63,88,77,80,70,182,97,74,66,0,127,0,127,131,74,26,31
1400000US25021413200,25021413200,"Census Tract 4132, Norfolk County, Massachusetts",911,129,29,34,27,28,98,65,265,113,152,100,107,66,34,40,66,54,115,100,18,29
1400000US25021413300,25021413300,"Census Tract 4133, Norfolk County, Massachusetts",530,131,0,127,41,39,144,61,102,83,60,77,21,23,40,56,22,25,100,65,0,127
1400000US25021413400,25021413400,"Census Tract 4134, Norfolk County, Massachusetts",1802,190,59,53,161,101,164,80,393,143,160,100,447,183,105,93,51,32,195,114,67,57
1400000US25021413500,25021413500,"Census Tract 4135, Norfolk County, Massachusetts",992,124,37,46,65,59,273,100,80,58,115,80,46,47,66,56,97,85,117,51,96,70
1400000US25021414100,25021414100,"Census Tract 4141, Norfolk County, Massachusetts",111,55,0,127,15,22,27,35,6,10,15,19,6,9,5,8,0,127,27,25,10,17
1400000US25021414200,25021414200,"Census Tract 4142, Norfolk County, Massachusetts",93,64,13,22,15,23,20,32,0,127,0,127,0,127,19,31,13,21,0,127,13,19
1400000US25021414300,25021414300,"Census Tract 4143, Norfolk County, Massachusetts",570,95,0,127,51,47,56,63,64,45,85,50,50,40,83,50,34,30,147,82,0,127
1400000US25021415101,25021415101,"Census Tract 4151.01, Norfolk County, Massachusetts",194,60,0,127,10,14,0,127,28,26,19,22,31,33,0,127,18,19,71,41,17,18
1400000US25021415102,25021415102,"Census Tract 4151.02, Norfolk County, Massachusetts",1193,187,58,60,83,62,145,102,267,122,113,61,166,123,38,34,12,19,224,115,87,73
1400000US25021415200,25021415200,"Census Tract 4152, Norfolk County, Massachusetts",580,128,15,22,53,61,62,50,12,19,65,62,69,61,17,27,123,74,86,65,78,72
1400000US25021415300,25021415300,"Census Tract 4153, Norfolk County, Massachusetts",104,70,0,127,32,49,0,127,0,127,0,127,34,54,0,127,10,17,0,127,28,31
1400000US25021416100,25021416100,"Census Tract 4161, Norfolk County, Massachusetts",423,129,10,18,0,127,35,38,15,24,32,36,45,43,29,33,79,98,84,64,94,52
1400000US25021416200,25021416200,"Census Tract 4162, Norfolk County, Massachusetts",463,139,0,127,65,58,62,74,0,127,85,66,52,50,12,20,9,14,169,92,9,18
1400000US25021416300,25021416300,"Census Tract 4163, Norfolk County, Massachusetts",426,100,49,49,28,44,25,42,53,39,52,43,7,11,33,44,23,16,156,78,0,127
1400000US25021416400,25021416400,"Census Tract 4164, Norfolk County, Massachusetts",198,98,0,127,38,57,32,36,13,20,52,63,12,21,0,127,0,127,9,14,42,19
1400000US25021417100,25021417100,"Census Tract 4171, Norfolk County, Massachusetts",595,125,85,87,41,37,68,69,108,83,179,77,20,23,0,127,51,68,43,32,0,127
1400000US25021417200,25021417200,"Census Tract 4172, Norfolk County, Massachusetts",1167,196,32,42,92,81,232,136,199,135,68,44,52,48,120,96,77,49,253,111,42,41
1400000US25021417300,25021417300,"Census Tract 4173, Norfolk County, Massachusetts",511,122,0,127,20,32,15,17,126,80,42,32,9,15,65,70,9,14,194,106,31,49
1400000US25021417400,25021417400,"Census Tract 4174, Norfolk County, Massachusetts",189,64,0,127,4,10,0,127,16,19,76,55,27,25,0,127,25,21,30,25,11,18
1400000US25021417501,25021417501,"Census Tract 4175.01, Norfolk County, Massachusetts",717,158,0,127,98,74,13,18,98,86,112,81,55,78,75,72,13,21,180,94,73,59
1400000US25021417502,25021417502,"Census Tract 4175.02, Norfolk County, Massachusetts",1030,146,29,28,79,59,155,92,90,59,121,71,47,41,130,65,76,56,276,119,27,25
1400000US25021417601,25021417601,"Census Tract 4176.01, Norfolk County, Massachusetts",809,153,19,32,81,49,69,42,217,122,123,96,49,48,15,26,77,71,71,56,88,65
1400000US25021417602,25021417602,"Census Tract 4176.02, Norfolk County, Massachusetts",1228,141,0,127,95,66,178,106,216,114,95,55,84,62,28,42,116,76,377,136,39,33
1400000US25021417700,25021417700,"Census Tract 4177, Norfolk County, Massachusetts",2790,281,64,39,220,123,216,97,368,146,511,149,223,124,332,147,266,146,555,196,35,34
1400000US25021417801,25021417801,"Census Tract 4178.01, Norfolk County, Massachusetts",443,119,25,29,51,62,71,54,63,70,13,21,13,20,47,42,26,29,119,83,15,23
1400000US25021417802,25021417802,"Census Tract 4178.02, Norfolk County, Massachusetts",1060,101,39,37,4,8,121,62,82,60,240,102,182,79,93,54,30,25,222,93,47,40
1400000US25021417901,25021417901,"Census Tract 4179.01, Norfolk County, Massachusetts",1606,192,32,38,228,110,252,116,185,105,156,94,151,77,130,96,61,63,411,175,0,127
1400000US25021417902,25021417902,"Census Tract 4179.02, Norfolk County, Massachusetts",761,132,61,68,40,33,88,48,115,67,66,39,105,70,0,127,70,67,190,97,26,30
1400000US25021418001,25021418001,"Census Tract 4180.01, Norfolk County, Massachusetts",1646,196,15,24,147,96,146,87,325,155,277,161,242,118,98,93,102,102,237,120,57,60
1400000US25021418002,25021418002,"Census Tract 4180.02, Norfolk County, Massachusetts",2207,198,124,130,148,105,431,187,138,96,105,80,343,136,166,89,77,67,594,171,81,73
1400000US25021418100,25021418100,"Census Tract 4181, Norfolk County, Massachusetts",1828,231,86,48,133,67,184,96,231,88,219,112,267,136,76,71,252,136,336,129,44,33
1400000US25021418200,25021418200,"Census Tract 4182, Norfolk County, Massachusetts",1059,209,0,127,226,166,216,101,136,94,51,47,45,52,79,80,153,108,153,81,0,127
1400000US25021419100,25021419100,"Census Tract 4191, Norfolk County, Massachusetts",553,119,0,127,28,47,85,62,111,112,19,23,65,61,15,25,40,62,84,75,106,83
1400000US25021419200,25021419200,"Census Tract 4192, Norfolk County, Massachusetts",523,85,46,62,32,49,65,53,23,26,64,42,38,47,66,41,45,53,144,70,0,127
1400000US25021419300,25021419300,"Census Tract 4193, Norfolk County, Massachusetts",499,119,16,17,18,21,90,65,0,127,81,60,96,81,31,29,40,49,127,68,0,127
1400000US25021419400,25021419400,"Census Tract 4194, Norfolk County, Massachusetts",367,91,0,127,15,23,94,51,40,42,20,22,10,16,23,24,64,46,101,73,0,127
1400000US25021419500,25021419500,"Census Tract 4195, Norfolk County, Massachusetts",112,66,12,18,35,42,0,127,0,127,12,19,0,127,0,127,7,11,35,47,11,18
1400000US25021419600,25021419600,"Census Tract 4196, Norfolk County, Massachusetts",364,102,35,53,29,34,47,45,56,53,81,43,22,26,16,25,9,15,54,60,15,26
1400000US25021419700,25021419700,"Census Tract 4197, Norfolk County, Massachusetts",275,63,16,19,0,127,8,12,118,66,0,127,25,40,24,24,9,14,66,47,9,14
1400000US25021419800,25021419800,"Census Tract 4198, Norfolk County, Massachusetts",503,117,43,42,71,57,98,69,11,18,78,57,78,71,26,28,59,68,39,39,0,127
1400000US25021420100,25021420100,"Census Tract 4201, Norfolk County, Massachusetts",666,178,68,83,105,93,68,69,45,72,81,81,82,88,9,14,49,48,77,74,82,81
1400000US25021420201,25021420201,"Census Tract 4202.01, Norfolk County, Massachusetts",313,82,46,59,0,127,0,127,25,28,28,33,23,27,22,26,93,62,54,41,22,24
1400000US25021420202,25021420202,"Census Tract 4202.02, Norfolk County, Massachusetts",786,167,0,127,13,23,186,108,139,102,73,74,78,62,44,71,0,127,159,107,94,94
1400000US25021420301,25021420301,"Census Tract 4203.01, Norfolk County, Massachusetts",453,193,11,22,0,127,12,21,36,40,156,138,21,32,0,127,0,127,210,133,7,18
1400000US25021420302,25021420302,"Census Tract 4203.02, Norfolk County, Massachusetts",926,176,0,127,203,196,48,44,97,66,25,31,72,58,32,38,58,50,378,138,13,23
1400000US25021421100,25021421100,"Census Tract 4211, Norfolk County, Massachusetts",764,157,14,23,84,92,11,18,154,100,111,95,143,95,70,59,71,70,96,70,10,19
1400000US25021421200,25021421200,"Census Tract 4212, Norfolk County, Massachusetts",332,111,11,19,77,64,57,57,69,62,0,127,0,127,0,127,35,39,71,53,12,20
1400000US25021422100,25021422100,"Census Tract 4221, Norfolk County, Massachusetts",249,113,8,12,26,25,42,48,70,74,30,49,0,127,0,127,0,127,17,19,56,51
1400000US25021422200,25021422200,"Census Tract 4222, Norfolk County, Massachusetts",1003,159,12,19,79,63,55,47,90,62,174,105,137,76,43,44,132,95,228,145,53,59
1400000US25021422301,25021422301,"Census Tract 4223.01, Norfolk County, Massachusetts",102,57,0,127,0,127,8,15,13,20,16,19,48,44,0,127,0,127,0,127,17,19
1400000US25021422302,25021422302,"Census Tract 4223.02, Norfolk County, Massachusetts",1079,144,35,51,157,100,159,94,147,79,116,83,73,40,38,36,60,57,282,136,12,20
1400000US25021422400,25021422400,"Census Tract 4224, Norfolk County, Massachusetts",1605,168,0,127,136,94,277,125,127,71,247,132,230,139,142,86,93,85,302,108,51,43
1400000US25021422501,25021422501,"Census Tract 4225.01, Norfolk County, Massachusetts",986,168,0,127,12,19,67,70,202,112,128,101,140,88,91,88,164,104,107,71,75,71
1400000US25021422502,25021422502,"Census Tract 4225.02, Norfolk County, Massachusetts",1017,165,0,127,114,102,161,102,162,98,56,44,90,68,114,68,114,71,188,100,18,27
1400000US25021422600,25021422600,"Census Tract 4226, Norfolk County, Massachusetts",302,117,15,23,0,127,69,79,0,127,15,25,27,31,29,33,0,127,74,84,73,91
1400000US25021422700,25021422700,"Census Tract 4227, Norfolk County, Massachusetts",206,105,0,127,22,31,0,127,56,57,12,19,0,127,35,41,10,15,71,63,0,127
1400000US25021422800,25021422800,"Census Tract 4228, Norfolk County, Massachusetts",357,112,0,127,12,19,0,127,23,27,108,90,45,37,80,79,0,127,89,60,0,127
1400000US25021423100,25021423100,"Census Tract 4231, Norfolk County, Massachusetts",340,184,17,26,24,32,27,34,60,57,38,43,0,127,0,127,16,26,146,145,12,20
1400000US25021440100,25021440100,"Census Tract 4401, Norfolk County, Massachusetts",733,173,0,127,94,85,174,117,79,70,122,60,44,44,27,32,86,119,94,65,13,20
1400000US25021441201,25021441201,"Census Tract 4412.01, Norfolk County, Massachusetts",479,131,0,127,0,127,24,26,65,74,57,46,72,54,0,127,25,29,120,71,116,84
1400000US25021441202,25021441202,"Census Tract 4412.02, Norfolk County, Massachusetts",56,35,0,127,9,13,0,127,11,18,7,12,8,14,12,17,0,127,0,127,9,15
1400000US25021442101,25021442101,"Census Tract 4421.01, Norfolk County, Massachusetts",353,116,38,59,18,21,95,65,11,18,42,48,0,127,13,22,52,74,74,45,10,16
1400000US25021442102,25021442102,"Census Tract 4421.02, Norfolk County, Massachusetts",160,86,0,127,11,19,18,29,44,43,21,34,0,127,0,127,0,127,66,49,0,127
1400000US25021442103,25021442103,"Census Tract 4421.03, Norfolk County, Massachusetts",13,21,0,127,0,127,0,127,0,127,0,127,0,127,0,127,0,127,0,127,13,21
1400000US25021442200,25021442200,"Census Tract 4422, Norfolk County, Massachusetts",1388,204,240,130,102,94,167,106,67,48,110,68,99,72,80,78,86,61,332,131,105,103
1400000US25021443101,25021443101,"Census Tract 4431.01, Norfolk County, Massachusetts",465,137,15,24,0,127,83,100,25,28,120,84,21,32,78,59,81,110,15,25,27,31
1400000US25021443102,25021443102,"Census Tract 4431.02, Norfolk County, Massachusetts",425,123,0,127,19,21,21,25,103,73,25,27,11,18,12,18,28,32,137,100,69,60
1400000US25021456101,25021456101,"Census Tract 4561.01, Norfolk County, Massachusetts",93,52,0,127,0,127,3,6,37,31,5,13,0,127,0,127,9,13,25,39,14,21
1400000US25021456102,25021456102,"Census Tract 4561.02, Norfolk County, Massachusetts",735,169,11,17,102,79,137,94,87,58,77,70,24,28,0,127,124,96,125,89,48,41
1400000US25021456200,25021456200,"Census Tract 4562, Norfolk County, Massachusetts",131,51,0,127,0,127,18,28,17,26,6,12,0,127,0,127,0,127,76,43,14,22
1400000US25021456300,25021456300,"Census Tract 4563, Norfolk County, Massachusetts",987,191,0,127,59,72,46,45,14,22,75,48,148,74,42,69,107,96,437,131,59,48
1400000US25021456401,25021456401,"Census Tract 4564.01, Norfolk County, Massachusetts",140,86,0,127,0,127,12,19,51,57,0,127,32,50,12,20,0,127,33,50,0,127
1400000US25021456402,25021456402,"Census Tract 4564.02, Norfolk County, Massachusetts",233,74,0,127,43,62,27,30,7,11,0,127,24,23,11,16,0,127,93,59,28,28
1400000US25021457100,25021457100,"Census Tract 4571, Norfolk County, Massachusetts",331,118,14,24,44,48,15,24,32,45,15,23,40,38,57,81,49,57,26,29,39,38
1400000US25025000000,25025000000,"Census Tract 0, Suffolk County, Massachusetts",0,127,0,127,0,127,0,127,0,127,0,127,0,127,0,127,0,127,0,127,0,127
1400000US25025000100,25025000100,"Census Tract 1, Suffolk County, Massachusetts",937,187,32,38,55,55,124,61,131,89,85,65,48,37,78,66,152,100,161,75,71,63
1400000US25025000201,25025000201,"Census Tract 2.01, Suffolk County, Massachusetts",1023,133,0,127,35,36,206,110,230,113,210,106,106,94,27,31,93,94,73,50,43,39
1400000US25025000202,25025000202,"Census Tract 2.02, Suffolk County, Massachusetts",977,148,0,127,113,65,215,92,143,98,54,56,181,100,12,21,110,94,144,76,5,8
1400000US25025000301,25025000301,"Census Tract 3.01, Suffolk County, Massachusetts",563,156,19,21,26,28,133,107,125,74,96,97,0,127,8,13,58,61,25,34,73,80
1400000US25025000302,25025000302,"Census Tract 3.02, Suffolk County, Massachusetts",511,106,22,29,57,59,188,91,39,38,47,34,55,68,0,127,0,127,52,34,51,42
1400000US25025000401,25025000401,"Census Tract 4.01, Suffolk County, Massachusetts",2415,163,55,48,77,66,287,131,186,97,573,177,290,133,189,127,195,125,481,161,82,58
1400000US25025000402,25025000402,"Census Tract 4.02, Suffolk County, Massachusetts",759,178,35,54,19,23,102,70,207,244,72,71,58,40,25,28,68,53,156,80,17,21
1400000US25025000501,25025000501,"Census Tract 5.01, Suffolk County, Massachusetts",3067,266,91,62,309,155,265,110,289,141,359,135,382,169,106,75,205,120,820,218,241,166
1400000US25025000502,25025000502,"Census Tract 5.02, Suffolk County, Massachusetts",1458,170,13,20,85,47,122,95,296,125,193,78,127,63,136,92,81,66,294,89,111,84
1400000US25025000601,25025000601,"Census Tract 6.01, Suffolk County, Massachusetts",887,125,35,55,61,49,115,47,177,80,147,89,97,62,55,60,45,33,135,74,20,20
1400000US25025000602,25025000602,"Census Tract 6.02, Suffolk County, Massachusetts",1614,139,55,86,129,117,144,102,106,63,350,128,247,110,115,81,147,95,259,116,62,64
1400000US25025000701,25025000701,"Census Tract 7.01, Suffolk County, Massachusetts",1718,203,82,97,52,47,191,116,243,139,169,117,248,121,170,83,44,47,445,155,74,53
1400000US25025000702,25025000702,"Census Tract 7.02, Suffolk County, Massachusetts",2699,231,0,127,239,123,279,144,345,151,228,92,197,93,161,92,177,99,751,176,322,242
1400000US25025000801,25025000801,"Census Tract 8.01, Suffolk County, Massachusetts",722,120,16,23,56,46,46,48,19,32,34,30,103,59,22,34,20,21,389,120,17,21
1400000US25025000802,25025000802,"Census Tract 8.02, Suffolk County, Massachusetts",2258,189,0,127,265,143,171,86,191,113,107,60,124,78,202,129,196,113,909,216,93,63
1400000US25025010101,25025010101,"Census Tract 101.01, Suffolk County, Massachusetts",1221,147,17,25,83,55,95,77,119,65,169,81,47,40,111,69,97,61,330,125,153,93
1400000US25025010102,25025010102,"Census Tract 101.02, Suffolk County, Massachusetts",296,59,0,127,0,127,27,21,15,21,0,127,0,127,0,127,57,50,172,70,25,21
1400000US25025010201,25025010201,"Census Tract 102.01, Suffolk County, Massachusetts",3174,304,36,37,121,105,230,122,245,130,501,151,402,155,153,91,266,121,1051,233,169,79
1400000US25025010202,25025010202,"Census Tract 102.02, Suffolk County, Massachusetts",703,120,0,127,28,31,47,38,70,67,54,60,120,83,23,29,54,43,279,70,28,21
1400000US25025010300,25025010300,"Census Tract 103, Suffolk County, Massachusetts",556,77,10,13,31,33,97,62,40,39,99,74,24,20,35,40,2,5,167,93,51,55
1400000US25025010401,25025010401,"Census Tract 104.01, Suffolk County, Massachusetts",2780,169,159,106,82,59,229,126,232,119,246,108,205,103,80,68,265,141,1097,166,185,96
1400000US25025010402,25025010402,"Census Tract 104.02, Suffolk County, Massachusetts",778,73,9,15,54,36,10,15,169,76,82,39,122,65,36,29,62,49,192,82,42,41
1400000US25025010500,25025010500,"Census Tract 105, Suffolk County, Massachusetts",1360,128,26,43,73,4,102,71,162,81,256,80,89,67,28,27,88,58,385,109,151,65
1400000US25025010600,25025010600,"Census Tract 106, Suffolk County, Massachusetts",1353,153,128,60,113,69,109,66,185,94,84,54,41,33,115,66,66,41,399,121,113,69
1400000US25025010700,25025010700,"Census Tract 107, Suffolk County, Massachusetts",1878,257,86,84,121,70,266,135,296,136,221,110,279,186,117,107,119,93,335,150,38,34
1400000US25025010800,25025010800,"Census Tract 108, Suffolk County, Massachusetts",2013,264,311,157,155,103,180,104,319,140,256,123,38,37,60,52,276,171,222,97,196,117
1400000US25025020100,25025020100,"Census Tract 201, Suffolk County, Massachusetts",1360,234,19,30,207,96,121,70,233,148,227,129,41,44,120,91,85,79,233,127,74,58
1400000US25025020200,25025020200,"Census Tract 202, Suffolk County, Massachusetts",1585,195,24,37,63,46,154,113,255,103,228,132,171,94,31,33,101,67,470,177,88,74
1400000US25025020300,25025020300,"Census Tract 203, Suffolk County, Massachusetts",2317,275,29,34,161,89,222,134,397,201,328,165,174,107,236,146,400,173,237,101,133,78
1400000US25025030100,25025030100,"Census Tract 301, Suffolk County, Massachusetts",1039,133,48,46,120,70,155,85,132,57,92,77,82,97,97,57,34,27,256,89,23,20
1400000US25025030200,25025030200,"Census Tract 302, Suffolk County, Massachusetts",836,116,71,52,75,55,69,63,174,92,111,71,121,57,23,26,43,37,133,81,16,25
1400000US25025030300,25025030300,"Census Tract 303, Suffolk County, Massachusetts",1410,178,109,74,125,80,181,108,202,122,301,140,116,100,83,59,65,54,182,77,46,42
1400000US25025030400,25025030400,"Census Tract 304, Suffolk County, Massachusetts",1029,124,58,48,141,84,201,86,155,88,130,65,84,73,31,29,85,53,101,41,43,44
1400000US25025030500,25025030500,"Census Tract 305, Suffolk County, Massachusetts",762,115,0,127,150,81,154,99,143,84,75,67,91,54,11,18,32,39,92,49,14,18
1400000US25025040100,25025040100,"Census Tract 401, Suffolk County, Massachusetts",688,138,9,14,162,84,127,97,104,73,82,53,10,16,25,29,49,56,105,66,15,23
1400000US25025040200,25025040200,"Census Tract 402, Suffolk County, Massachusetts",398,107,67,74,97,78,46,59,45,44,13,24,7,13,60,45,6,12,57,37,0,127
1400000US25025040300,25025040300,"Census Tract 403, Suffolk County, Massachusetts",941,157,156,98,112,99,274,131,129,69,104,61,97,85,0,127,0,127,47,34,22,34
1400000US25025040400,25025040400,"Census Tract 404, Suffolk County, Massachusetts",781,111,92,67,100,65,76,66,56,55,156,93,87,62,16,26,61,67,103,64,34,52
1400000US25025040600,25025040600,"Census Tract 406, Suffolk County, Massachusetts",387,134,0,127,25,28,134,103,73,51,21,32,9,11,42,39,42,71,10,16,31,49
1400000US25025040800,25025040800,"Census Tract 408, Suffolk County, Massachusetts",995,126,85,70,45,47,118,77,41,35,228,85,156,83,22,27,24,29,249,89,27,28
1400000US25025050100,25025050100,"Census Tract 501, Suffolk County, Massachusetts",1425,150,10,16,40,33,132,70,138,102,255,111,146,104,184,116,147,111,373,135,0,127
1400000US25025050200,25025050200,"Census Tract 502, Suffolk County, Massachusetts",955,118,11,13,54,40,80,61,179,90,169,83,135,83,71,59,57,48,187,90,12,16
1400000US25025050300,25025050300,"Census Tract 503, Suffolk County, Massachusetts",763,101,10,15,139,87,29,31,94,66,96,55,155,75,46,45,68,64,126,104,0,127
1400000US25025050400,25025050400,"Census Tract 504, Suffolk County, Massachusetts",796,108,37,49,84,65,96,80,80,54,122,70,128,82,11,19,36,43,202,88,0,127
1400000US25025050500,25025050500,"Census Tract 505, Suffolk County, Massachusetts",616,95,0,127,65,92,35,44,9,14,68,50,106,120,72,53,135,111,120,61,6,26
1400000US25025050600,25025050600,"Census Tract 506, Suffolk County, Massachusetts",465,83,0,127,55,49,81,54,48,46,24,33,73,47,52,51,42,50,90,55,0,127
1400000US25025050700,25025050700,"Census Tract 507, Suffolk County, Massachusetts",1104,127,22,34,136,84,130,83,242,109,76,72,113,83,94,68,61,56,222,99,8,13
1400000US25025050900,25025050900,"Census Tract 509, Suffolk County, Massachusetts",688,141,49,46,17,20,38,34,51,40,92,65,19,25,79,66,58,40,271,91,14,23
1400000US25025051000,25025051000,"Census Tract 510, Suffolk County, Massachusetts",1060,160,62,56,60,50,141,109,37,37,131,76,130,69,77,54,90,60,291,132,41,51
1400000US25025051100,25025051100,"Census Tract 511, Suffolk County, Massachusetts",1175,203,129,108,104,91,166,114,218,135,87,85,57,53,72,93,131,99,162,88,49,46
1400000US25025051200,25025051200,"Census Tract 512, Suffolk County, Massachusetts",942,156,37,59,50,67,93,57,122,82,82,47,61,40,123,93,110,67,225,126,39,29
1400000US25025060100,25025060100,"Census Tract 601, Suffolk County, Massachusetts",914,157,27,29,159,78,211,119,74,67,99,69,13,22,26,29,79,77,148,96,78,82
1400000US25025060200,25025060200,"Census Tract 602, Suffolk County, Massachusetts",600,132,8,12,82,90,120,96,47,44,51,48,68,50,100,79,15,26,75,50,34,45
1400000US25025060300,25025060300,"Census Tract 603, Suffolk County, Massachusetts",793,143,14,25,194,140,53,42,149,66,174,82,86,78,9,14,27,37,69,40,18,30
1400000US25025060400,25025060400,"Census Tract 604, Suffolk County, Massachusetts",969,172,35,41,50,49,96,71,139,94,111,75,44,35,109,79,163,122,141,72,81,72
1400000US25025060500,25025060500,"Census Tract 605, Suffolk County, Massachusetts",910,188,34,54,86,72,173,102,168,97,127,81,58,39,9,14,79,60,148,101,28,40
1400000US25025060600,25025060600,"Census Tract 606, Suffolk County, Massachusetts",888,152,6,9,139,102,107,54,127,99,61,46,37,33,70,70,119,74,162,81,60,76
1400000US25025060700,25025060700,"Census Tract 607, Suffolk County, Massachusetts",559,52,68,42,53,54,34,38,67,51,46,45,88,50,70,47,48,41,85,61,0,127
1400000US25025060800,25025060800,"Census Tract 608, Suffolk County, Massachusetts",789,148,23,25,60,49,78,75,44,50,129,68,133,81,112,65,116,82,94,71,0,127
1400000US25025061000,25025061000,"Census Tract 610, Suffolk County, Massachusetts",957,128,47,37,82,76,40,47,74,70,277,114,191,116,21,24,47,50,108,63,70,77
1400000US25025061100,25025061100,"Census Tract 611, Suffolk County, Massachusetts",921,61,79,58,30,47,52,32,102,58,157,77,116,73,62,47,0,127,227,86,96,72
1400000US25025061200,25025061200,"Census Tract 612, Suffolk County, Massachusetts",569,154,45,46,114,99,48,43,60,48,69,55,59,49,24,24,51,49,99,92,0,127
1400000US25025070100,25025070100,"Census Tract 701, Suffolk County, Massachusetts",1372,185,60,51,137,94,25,28,144,110,212,103,129,67,59,38,157,96,237,125,212,150
1400000US25025070200,25025070200,"Census Tract 702, Suffolk County, Massachusetts",1463,120,44,37,45,30,179,91,164,89,203,85,207,98,43,33,84,45,377,134,117,89
1400000US25025070300,25025070300,"Census Tract 703, Suffolk County, Massachusetts",1309,257,123,95,137,99,101,59,312,194,91,51,35,34,45,72,66,82,179,111,220,229
1400000US25025070400,25025070400,"Census Tract 704, Suffolk County, Massachusetts",658,41,33,29,13,22,46,46,72,63,47,34,106,53,98,50,43,36,145,66,55,47
1400000US25025070500,25025070500,"Census Tract 705, Suffolk County, Massachusetts",1814,245,115,86,253,154,294,132,160,104,258,125,91,65,40,46,88,94,356,154,159,106
1400000US25025070600,25025070600,"Census Tract 706, Suffolk County, Massachusetts",656,156,117,170,16,18,97,49,47,36,118,63,10,15,34,39,155,95,55,48,7,11
1400000US25025070700,25025070700,"Census Tract 707, Suffolk County, Massachusetts",648,132,27,32,45,42,17,22,177,101,64,44,90,50,45,44,30,42,148,83,5,13
1400000US25025070800,25025070800,"Census Tract 708, Suffolk County, Massachusetts",1451,232,117,100,73,58,175,123,125,85,107,66,152,103,272,155,36,38,340,123,54,77
1400000US25025070900,25025070900,"Census Tract 709, Suffolk County, Massachusetts",1008,149,11,17,50,40,40,39,136,89,212,97,163,105,85,76,43,35,221,127,47,36
1400000US25025071100,25025071100,"Census Tract 711, Suffolk County, Massachusetts",1378,159,22,30,95,72,178,91,109,72,340,130,90,62,28,30,152,75,239,86,125,80
1400000US25025071200,25025071200,"Census Tract 712, Suffolk County, Massachusetts",767,86,34,25,117,76,29,34,62,50,152,72,134,83,12,18,36,33,154,84,37,42
1400000US25025080100,25025080100,"Census Tract 801, Suffolk County, Massachusetts",340,104,0,127,36,42,39,39,33,47,23,36,14,23,30,38,50,51,97,63,18,33
1400000US25025080300,25025080300,"Census Tract 803, Suffolk County, Massachusetts",531,94,48,43,39,30,106,69,36,41,12,20,17,20,82,58,86,62,105,70,0,127
1400000US25025080400,25025080400,"Census Tract 804, Suffolk County, Massachusetts",361,63,52,66,0,127,55,57,30,34,52,52,16,18,40,38,40,46,68,47,8,15
1400000US25025080500,25025080500,"Census Tract 805, Suffolk County, Massachusetts",1606,98,70,58,4,8,103,60,126,72,193,84,184,80,49,39,228,98,530,155,119,66
1400000US25025080600,25025080600,"Census Tract 806, Suffolk County, Massachusetts",820,102,29,30,108,78,16,30,85,58,117,105,140,99,126,85,23,26,160,70,16,19
1400000US25025080800,25025080800,"Census Tract 808, Suffolk County, Massachusetts",596,60,30,31,36,35,114,79,8,13,79,61,47,42,81,46,45,42,147,66,9,17
1400000US25025080900,25025080900,"Census Tract 809, Suffolk County, Massachusetts",1048,130,33,29,85,39,192,92,32,26,89,71,33,37,82,58,90,51,344,94,68,77
1400000US25025081000,25025081000,"Census Tract 810, Suffolk County, Massachusetts",1803,144,85,62,215,124,182,97,151,85,440,146,123,71,126,78,112,76,304,97,65,40
1400000US25025081100,25025081100,"Census Tract 811, Suffolk County, Massachusetts",1131,103,26,34,95,56,78,65,150,84,137,74,107,53,125,70,93,60,257,84,63,53
1400000US25025081200,25025081200,"Census Tract 812, Suffolk County, Massachusetts",840,98,44,38,89,75,108,59,132,72,173,80,77,51,22,19,27,37,150,73,18,31
1400000US25025081300,25025081300,"Census Tract 813, Suffolk County, Massachusetts",1482,145,110,79,88,47,103,66,67,40,369,136,243,100,35,34,122,81,288,100,57,57
1400000US25025081400,25025081400,"Census Tract 814, Suffolk County, Massachusetts",558,123,33,37,32,35,67,64,157,89,69,67,11,19,14,23,52,39,87,51,36,37
1400000US25025081500,25025081500,"Census Tract 815, Suffolk County, Massachusetts",368,89,43,49,71,65,21,26,8,13,0,127,55,60,12,20,59,61,73,50,26,27
1400000US25025081700,25025081700,"Census Tract 817, Suffolk County, Massachusetts",989,151,71,47,42,39,49,52,155,157,241,96,104,60,35,37,38,30,218,106,36,32
1400000US25025081800,25025081800,"Census Tract 818, Suffolk County, Massachusetts",511,125,43,43,9,14,32,25,108,71,50,37,31,35,31,38,34,30,156,70,17,20
1400000US25025081900,25025081900,"Census Tract 819, Suffolk County, Massachusetts",673,120,22,25,69,57,30,29,51,42,134,66,91,53,109,72,41,35,101,67,25,26
1400000US25025082000,25025082000,"Census Tract 820, Suffolk County, Massachusetts",655,126,10,16,42,56,53,46,90,62,68,47,85,62,53,51,64,61,168,90,22,33
1400000US25025082100,25025082100,"Census Tract 821, Suffolk County, Massachusetts",1533,115,119,66,162,73,101,63,135,81,180,72,198,98,91,53,66,54,453,116,28,36
1400000US25025090100,25025090100,"Census Tract 901, Suffolk County, Massachusetts",1162,138,66,56,85,64,41,39,42,34,78,49,70,52,59,49,126,79,478,146,117,78
1400000US25025090200,25025090200,"Census Tract 902, Suffolk County, Massachusetts",523,105,0,127,107,77,63,55,29,36,99,67,0,127,43,49,51,51,120,65,11,18
1400000US25025090300,25025090300,"Census Tract 903, Suffolk County, Massachusetts",711,104,13,21,22,28,12,19,9,11,24,25,101,68,134,68,25,29,343,121,28,34
1400000US25025090400,25025090400,"Census Tract 904, Suffolk County, Massachusetts",723,103,50,46,15,19,71,59,44,38,35,25,50,54,29,39,91,62,299,109,39,39
1400000US25025090600,25025090600,"Census Tract 906, Suffolk County, Massachusetts",274,100,8,14,7,12,23,31,43,53,43,47,0,127,28,36,0,127,97,71,25,40
1400000US25025090700,25025090700,"Census Tract 907, Suffolk County, Massachusetts",1409,196,29,28,88,70,192,121,66,50,210,177,152,93,59,48,186,113,380,171,47,43
1400000US25025090900,25025090900,"Census Tract 909, Suffolk County, Massachusetts",1332,89,29,34,58,54,182,79,59,41,190,78,240,93,95,56,122,63,233,95,124,62
1400000US25025091000,25025091000,"Census Tract 910, Suffolk County, Massachusetts",680,117,25,30,41,52,99,56,92,79,64,42,90,64,36,33,0,127,175,85,58,43
1400000US25025091100,25025091100,"Census Tract 911, Suffolk County, Massachusetts",791,163,50,54,44,47,97,62,149,85,52,45,30,39,117,77,0,127,205,86,47,57
1400000US25025091200,25025091200,"Census Tract 912, Suffolk County, Massachusetts",673,118,16,19,76,64,72,48,55,46,66,46,113,81,46,32,52,41,127,67,50,43
1400000US25025091300,25025091300,"Census Tract 913, Suffolk County, Massachusetts",407,85,0,127,26,36,37,34,14,24,47,34,16,20,8,14,33,33,226,87,0,127
1400000US25025091400,25025091400,"Census Tract 914, Suffolk County, Massachusetts",535,95,44,49,112,62,11,19,0,127,88,58,21,23,0,127,68,49,162,88,29,43
1400000US25025091500,25025091500,"Census Tract 915, Suffolk County, Massachusetts",969,125,0,127,117,78,139,82,51,48,221,102,67,58,29,31,49,48,270,101,26,29
1400000US25025091600,25025091600,"Census Tract 916, Suffolk County, Massachusetts",785,106,0,127,0,127,87,56,90,59,81,62,61,57,97,62,47,47,313,90,9,14
1400000US25025091700,25025091700,"Census Tract 917, Suffolk County, Massachusetts",594,116,0,127,10,17,30,35,76,64,76,58,79,63,13,18,86,72,215,86,9,14
1400000US25025091800,25025091800,"Census Tract 918, Suffolk County, Massachusetts",472,134,15,23,14,22,45,51,74,61,18,30,82,80,19,29,32,45,165,87,8,12
1400000US25025091900,25025091900,"Census Tract 919, Suffolk County, Massachusetts",686,107,18,29,61,57,8,12,47,46,28,34,83,57,33,34,60,53,320,101,28,29
1400000US25025092000,25025092000,"Census Tract 920, Suffolk County, Massachusetts",862,147,55,50,94,70,9,15,11,17,64,52,90,70,26,30,74,55,392,126,47,50
1400000US25025092100,25025092100,"Census Tract 921, Suffolk County, Massachusetts",1270,196,34,52,41,48,85,72,100,84,134,78,135,101,70,55,99,80,524,172,48,57
1400000US25025092200,25025092200,"Census Tract 922, Suffolk County, Massachusetts",722,93,0,127,0,127,105,71,29,32,101,57,100,70,68,55,87,64,187,79,45,44
1400000US25025092300,25025092300,"Census Tract 923, Suffolk County, Massachusetts",509,83,10,16,16,27,13,22,77,65,58,54,43,36,20,31,44,40,228,99,0,127
1400000US25025092400,25025092400,"Census Tract 924, Suffolk County, Massachusetts",1410,172,33,41,19,31,112,84,146,91,102,86,136,79,102,69,172,107,571,176,17,26
1400000US25025100100,25025100100,"Census Tract 1001, Suffolk County, Massachusetts",1259,119,123,71,67,55,61,50,100,63,71,43,143,74,80,56,206,107,387,114,21,28
1400000US25025100200,25025100200,"Census Tract 1002, Suffolk County, Massachusetts",531,115,0,127,20,32,16,27,33,41,33,44,135,130,33,33,27,37,217,95,17,27
1400000US25025100300,25025100300,"Census Tract 1003, Suffolk County, Massachusetts",605,131,6,14,19,34,37,43,58,60,0,127,84,67,0,127,19,31,273,93,109,75
1400000US25025100400,25025100400,"Census Tract 1004, Suffolk County, Massachusetts",869,151,0,127,28,33,83,61,83,66,133,82,34,30,60,57,57,41,379,133,12,19
1400000US25025100500,25025100500,"Census Tract 1005, Suffolk County, Massachusetts",1148,176,32,45,104,69,188,110,46,37,95,76,54,52,95,78,66,61,445,132,23,39
1400000US25025100601,25025100601,"Census Tract 1006.01, Suffolk County, Massachusetts",1052,173,39,46,57,56,110,84,143,99,83,52,118,87,132,119,119,72,173,87,78,57
1400000US25025100602,25025100602,"Census Tract 1006.02, Suffolk County, Massachusetts",312,98,0,127,37,56,23,37,45,37,61,69,0,127,19,22,31,50,62,61,34,52
1400000US25025100700,25025100700,"Census Tract 1007, Suffolk County, Massachusetts",904,165,0,127,194,105,122,106,103,72,206,91,31,30,102,74,59,56,39,32,48,50
1400000US25025100800,25025100800,"Census Tract 1008, Suffolk County, Massachusetts",1115,198,0,127,27,32,22,37,85,87,117,109,196,112,11,19,128,88,416,170,113,93
1400000US25025100900,25025100900,"Census Tract 1009, Suffolk County, Massachusetts",853,133,20,42,96,74,83,60,69,58,61,51,187,98,22,21,91,86,224,116,0,127
1400000US25025101001,25025101001,"Census Tract 1010.01, Suffolk County, Massachusetts",952,161,33,52,84,59,60,58,171,94,148,95,52,51,30,33,15,23,344,134,15,25
1400000US25025101002,25025101002,"Census Tract 1010.02, Suffolk County, Massachusetts",841,166,62,57,68,52,140,80,51,49,32,31,69,63,66,54,83,62,221,120,49,62
1400000US25025101101,25025101101,"Census Tract 1011.01, Suffolk County, Massachusetts",423,88,9,14,38,35,37,28,12,19,53,59,32,39,41,38,51,45,111,65,39,33
1400000US25025101102,25025101102,"Census Tract 1011.02, Suffolk County, Massachusetts",950,163,17,27,11,17,54,42,81,62,59,58,55,46,49,47,67,50,521,164,36,36
1400000US25025110100,25025110100,"Census Tract 1101, Suffolk County, Massachusetts",1422,242,99,84,93,82,53,65,244,128,291,157,132,106,116,89,102,82,263,158,29,47
1400000US25025110200,25025110200,"Census Tract 1102, Suffolk County, Massachusetts",410,89,0,127,0,127,15,17,71,57,81,62,91,71,9,14,49,47,84,53,10,18
1400000US25025110300,25025110300,"Census Tract 1103, Suffolk County, Massachusetts",283,96,0,127,10,17,78,71,79,54,53,55,5,8,0,127,31,47,12,20,15,23
1400000US25025110401,25025110401,"Census Tract 1104.01, Suffolk County, Massachusetts",674,120,0,127,13,20,24,37,94,63,87,78,84,71,22,23,72,58,278,104,0,127
1400000US25025110402,25025110402,"Census Tract 1104.02, Suffolk County, Massachusetts",620,139,10,16,42,48,47,38,117,100,128,63,25,32,95,67,0,127,137,87,19,29
1400000US25025110501,25025110501,"Census Tract 1105.01, Suffolk County, Massachusetts",440,117,0,127,76,86,72,67,47,61,93,69,96,87,0,127,5,8,39,36,12,21
1400000US25025110502,25025110502,"Census Tract 1105.02, Suffolk County, Massachusetts",800,133,0,127,74,64,10,17,30,27,158,95,0,127,49,67,114,75,258,107,107,78
1400000US25025110601,25025110601,"Census Tract 1106.01, Suffolk County, Massachusetts",216,89,0,127,30,28,33,43,18,20,25,24,29,29,0,127,8,13,63,56,10,16
1400000US25025110602,25025110602,"Census Tract 1106.02, Suffolk County, Massachusetts",809,173,19,31,21,33,200,99,51,51,103,75,116,81,69,57,55,53,145,110,30,51
1400000US25025120101,25025120101,"Census Tract 1201.01, Suffolk County, Massachusetts",611,112,3,9,17,24,155,72,66,45,109,62,118,74,73,58,13,16,25,29,32,37
1400000US25025120102,25025120102,"Census Tract 1201.02, Suffolk County, Massachusetts",184,78,10,15,31,35,50,44,16,25,0,127,0,127,24,26,20,31,23,36,10,17
1400000US25025120200,25025120200,"Census Tract 1202, Suffolk County, Massachusetts",1062,138,42,33,54,57,133,85,141,79,121,91,115,81,46,45,143,74,233,95,34,37
1400000US25025120300,25025120300,"Census Tract 1203, Suffolk County, Massachusetts",769,165,13,21,8,13,111,64,73,47,215,136,72,53,44,42,41,38,178,74,14,22
1400000US25025120400,25025120400,"Census Tract 1204, Suffolk County, Massachusetts",1568,208,17,27,75,68,400,169,153,79,176,75,167,85,88,58,243,141,235,117,14,21
1400000US25025120500,25025120500,"Census Tract 1205, Suffolk County, Massachusetts",497,98,0,127,57,49,26,40,42,38,37,37,70,49,29,46,22,36,183,104,31,48
1400000US25025120600,25025120600,"Census Tract 1206, Suffolk County, Massachusetts",518,108,12,20,42,38,79,62,69,63,93,68,84,56,22,24,32,23,35,31,50,78
1400000US25025120700,25025120700,"Census Tract 1207, Suffolk County, Massachusetts",446,104,0,127,33,41,111,79,49,50,12,20,36,33,28,27,96,67,81,57,0,127
1400000US25025130100,25025130100,"Census Tract 1301, Suffolk County, Massachusetts",459,127,0,127,27,33,91,76,99,75,11,18,64,98,74,70,0,127,67,57,26,50
1400000US25025130200,25025130200,"Census Tract 1302, Suffolk County, Massachusetts",584,122,0,127,65,53,71,53,166,87,54,47,86,82,0,127,48,46,59,47,35,34
1400000US25025130300,25025130300,"Census Tract 1303, Suffolk County, Massachusetts",288,118,6,11,16,25,30,47,55,56,72,65,0,127,10,16,7,11,79,73,13,22
1400000US25025130401,25025130401,"Census Tract 1304.01, Suffolk County, Massachusetts",1842,165,83,78,50,55,133,107,142,113,328,143,334,140,87,55,176,113,476,157,33,38
1400000US25025130402,25025130402,"Census Tract 1304.02, Suffolk County, Massachusetts",550,164,61,58,39,63,98,95,104,95,50,46,15,24,15,24,0,127,109,88,59,82
1400000US25025140102,25025140102,"Census Tract 1401.02, Suffolk County, Massachusetts",425,105,0,127,76,53,16,19,0,127,60,54,0,127,32,38,48,56,193,98,0,127
1400000US25025140103,25025140103,"Census Tract 1401.03, Suffolk County, Massachusetts",263,117,0,127,3,18,64,83,53,47,0,127,13,21,0,127,41,59,89,83,0,127
1400000US25025140104,25025140104,"Census Tract 1401.04, Suffolk County, Massachusetts",1125,175,71,50,57,65,104,75,217,117,137,70,176,82,65,51,50,33,223,100,25,37
1400000US25025140201,25025140201,"Census Tract 1402.01, Suffolk County, Massachusetts",437,123,0,127,48,54,57,48,64,49,124,90,23,26,14,23,27,29,80,67,0,127
1400000US25025140202,25025140202,"Census Tract 1402.02, Suffolk County, Massachusetts",719,166,40,62,33,38,64,55,58,55,88,63,20,23,40,61,110,97,247,136,19,24
1400000US25025140300,25025140300,"Census Tract 1403, Suffolk County, Massachusetts",1372,194,18,27,79,72,8,13,130,104,318,127,73,79,77,63,92,81,526,158,51,59
1400000US25025140400,25025140400,"Census Tract 1404, Suffolk County, Massachusetts",748,191,27,45,28,34,30,40,71,87,157,90,94,79,24,26,106,76,204,117,7,12
1400000US25025150100,25025150100,"Census Tract 1501, Suffolk County, Massachusetts",0,127,0,127,0,127,0,127,0,127,0,127,0,127,0,127,0,127,0,127,0,127
1400000US25025160100,25025160100,"Census Tract 1601, Suffolk County, Massachusetts",1427,172,19,30,108,81,162,96,228,107,97,70,89,75,151,92,189,101,310,132,74,74
1400000US25025160200,25025160200,"Census Tract 1602, Suffolk County, Massachusetts",1015,113,0,127,43,51,28,32,130,82,98,63,91,69,213,107,87,65,313,115,12,19
1400000US25025160300,25025160300,"Census Tract 1603, Suffolk County, Massachusetts",744,128,70,69,34,50,31,34,30,36,132,66,121,77,127,89,10,17,179,85,10,17
1400000US25025160400,25025160400,"Census Tract 1604, Suffolk County, Massachusetts",681,110,16,26,31,40,32,39,67,68,50,43,130,67,127,122,48,47,162,87,18,29
1400000US25025160500,25025160500,"Census Tract 1605, Suffolk County, Massachusetts",2287,239,17,29,220,142,315,168,88,62,310,151,388,155,130,84,264,160,439,153,116,74
1400000US25025160600,25025160600,"Census Tract 1606, Suffolk County, Massachusetts",1755,282,36,59,149,112,169,130,128,120,209,107,156,75,45,51,75,84,679,230,109,80
1400000US25025170100,25025170100,"Census Tract 1701, Suffolk County, Massachusetts",1188,243,11,18,22,26,70,52,75,77,92,97,137,99,184,186,17,26,440,175,140,126
1400000US25025170200,25025170200,"Census Tract 1702, Suffolk County, Massachusetts",723,172,0,127,30,25,78,56,75,48,189,180,77,63,31,29,37,27,173,91,33,46
1400000US25025170300,25025170300,"Census Tract 1703, Suffolk County, Massachusetts",1060,204,18,28,23,24,198,107,202,116,68,63,93,81,72,69,54,62,210,111,122,126
1400000US25025170400,25025170400,"Census Tract 1704, Suffolk County, Massachusetts",1046,181,0,127,55,89,80,69,160,116,94,70,170,126,0,127,50,46,372,155,65,67
1400000US25025170500,25025170500,"Census Tract 1705, Suffolk County, Massachusetts",1269,206,13,20,49,43,61,48,108,92,22,26,176,106,65,43,128,91,622,202,25,31
1400000US25025170600,25025170600,"Census Tract 1706, Suffolk County, Massachusetts",807,163,7,13,63,70,97,71,54,55,97,77,60,71,53,63,139,94,224,115,13,20
1400000US25025170700,25025170700,"Census Tract 1707, Suffolk County, Massachusetts",1791,237,23,38,226,144,261,136,201,103,213,137,194,102,90,69,120,66,425,164,38,43
1400000US25025170800,25025170800,"Census Tract 1708, Suffolk County, Massachusetts",945,151,85,77,74,65,112,89,108,93,177,95,132,89,49,58,84,72,112,76,12,20
1400000US25025180100,25025180100,"Census Tract 1801, Suffolk County, Massachusetts",1083,187,17,23,27,31,51,41,80,55,176,99,151,92,110,108,205,98,248,125,18,28
1400000US25025180200,25025180200,"Census Tract 1802, Suffolk County, Massachusetts",594,107,9,16,113,68,19,22,55,51,73,52,23,21,82,73,53,51,140,72,27,43
1400000US25025180300,25025180300,"Census Tract 1803, Suffolk County, Massachusetts",300,87,9,13,16,21,24,28,29,46,37,45,12,20,0,127,9,13,131,70,33,35
1400000US25025180400,25025180400,"Census Tract 1804, Suffolk County, Massachusetts",199,73,0,127,0,127,24,28,42,45,45,27,31,47,12,17,0,127,45,40,0,127
1400000US25025180500,25025180500,"Census Tract 1805, Suffolk County, Massachusetts",694,150,9,15,35,27,77,60,124,75,53,46,18,20,73,64,19,22,225,105,61,43
