GEO.id,GEO.id2,GEO.display-label,HD01_VD01,HD02_VD01,HD01_VD02,HD02_VD02,HD01_VD03,HD02_VD03,HD01_VD04,HD02_VD04,HD01_VD05,HD02_VD05,HD01_VD06,HD02_VD06,HD01_VD07,HD02_VD07,HD01_VD08,HD02_VD08,HD01_VD09,HD02_VD09,HD01_VD10,HD02_VD10
Id,Id2,Geography,Estimate; Total:,Margin of Error; Total:,Estimate; White alone,Margin of Error; White alone,Estimate; Black or African American alone,Margin of Error; Black or African American alone,Estimate; American Indian and Alaska Native alone,Margin of Error; American Indian and Alaska Native alone,Estimate; Asian alone,Margin of Error; Asian alone,Estimate; Native Hawaiian and Other Pacific Islander alone,Margin of Error; Native Hawaiian and Other Pacific Islander alone,Estimate; Some other race alone,Margin of Error; Some other race alone,Estimate; Two or more races:,Margin of Error; Two or more races:,Estimate; Two or more races: - Two races including Some other race,Margin of Error; Two or more races: - Two races including Some other race,"Estimate; Two or more races: - Two races excluding Some other race, and three or more races","Margin of Error; Two or more races: - Two races excluding Some other race, and three or more races"
0400000US25,25,Massachusetts,6511176,*****,5390474,5840,399224,3421,12811,1037,312147,1664,2346,456,271040,6810,123134,3768,24322,1693,98812,3290
1400000US25017300100,25017300100,"Census Tract 3001, Middlesex County, Massachusetts",3059,40,2974,77,0,127,0,127,11,9,0,127,19,23,55,63,0,127,55,63
1400000US25017301101,25017301101,"Census Tract 3011.01, Middlesex County, Massachusetts",4196,197,3889,283,27,42,14,23,0,127,0,127,164,235,102,84,0,127,102,84
1400000US25017301102,25017301102,"Census Tract 3011.02, Middlesex County, Massachusetts",5323,195,5277,203,9,14,5,8,22,33,0,127,10,16,0,127,0,127,0,127
1400000US25017302100,25017302100,"Census Tract 3021, Middlesex County, Massachusetts",7674,126,6587,289,554,173,22,27,133,85,0,127,142,80,236,170,0,127,236,170
1400000US25017302200,25017302200,"Census Tract 3022, Middlesex County, Massachusetts",174,119,95,76,0,127,0,127,0,127,0,127,49,74,30,46,0,127,30,46
1400000US25017310100,25017310100,"Census Tract 3101, Middlesex County, Massachusetts",3756,517,2424,440,406,290,75,85,131,155,0,127,607,284,113,121,34,34,79,112
1400000US25017310200,25017310200,"Census Tract 3102, Middlesex County, Massachusetts",5959,555,4635,643,156,117,0,127,655,544,0,127,97,80,416,221,149,134,267,181
1400000US25017310300,25017310300,"Census Tract 3103, Middlesex County, Massachusetts",6452,441,4108,472,889,305,0,127,47,53,15,23,1242,414,151,133,54,48,97,128
1400000US25017310400,25017310400,"Census Tract 3104, Middlesex County, Massachusetts",3084,441,2456,410,167,178,0,127,191,145,0,127,172,144,98,68,0,127,98,68
1400000US25017310500,25017310500,"Census Tract 3105, Middlesex County, Massachusetts",3439,482,2613,481,384,229,0,127,247,157,0,127,104,105,91,96,91,96,0,127
1400000US25017310601,25017310601,"Census Tract 3106.01, Middlesex County, Massachusetts",5888,405,4109,431,376,226,22,33,1042,290,0,127,213,190,126,118,88,103,38,50
1400000US25017310602,25017310602,"Census Tract 3106.02, Middlesex County, Massachusetts",5705,436,4530,455,104,121,0,127,582,266,0,127,429,242,60,59,32,50,28,33
1400000US25017310700,25017310700,"Census Tract 3107, Middlesex County, Massachusetts",3940,534,2051,337,100,96,0,127,1329,473,0,127,448,232,12,18,12,18,0,127
1400000US25017310800,25017310800,"Census Tract 3108, Middlesex County, Massachusetts",2693,495,1753,408,110,75,0,127,465,237,0,127,327,152,38,44,0,127,38,44
1400000US25017311000,25017311000,"Census Tract 3110, Middlesex County, Massachusetts",2031,220,1110,243,47,45,9,15,523,320,0,127,333,156,9,16,0,127,9,16
1400000US25017311100,25017311100,"Census Tract 3111, Middlesex County, Massachusetts",2812,745,1224,367,54,51,26,45,1131,972,0,127,297,231,80,78,39,63,41,43
1400000US25017311200,25017311200,"Census Tract 3112, Middlesex County, Massachusetts",2601,409,695,233,147,88,0,127,1383,537,0,127,247,243,129,127,60,67,69,78
1400000US25017311300,25017311300,"Census Tract 3113, Middlesex County, Massachusetts",3498,508,2076,403,145,118,0,127,990,378,18,34,165,167,104,106,60,96,44,49
1400000US25017311400,25017311400,"Census Tract 3114, Middlesex County, Massachusetts",6505,545,3203,488,679,355,12,20,1678,311,0,127,733,339,200,199,23,39,177,193
1400000US25017311500,25017311500,"Census Tract 3115, Middlesex County, Massachusetts",2917,463,2001,374,12,17,0,127,803,231,0,127,97,153,4,18,4,18,0,127
1400000US25017311600,25017311600,"Census Tract 3116, Middlesex County, Massachusetts",5124,406,3186,405,58,68,0,127,1269,267,0,127,415,360,196,120,94,91,102,88
1400000US25017311700,25017311700,"Census Tract 3117, Middlesex County, Massachusetts",4858,530,2104,352,568,400,8,11,1727,415,0,127,403,240,48,51,0,127,48,51
1400000US25017311800,25017311800,"Census Tract 3118, Middlesex County, Massachusetts",3471,428,810,242,193,146,0,127,2013,456,50,81,358,229,47,43,0,127,47,43
1400000US25017311900,25017311900,"Census Tract 3119, Middlesex County, Massachusetts",2197,330,1293,350,211,94,27,39,312,167,0,127,354,217,0,127,0,127,0,127
1400000US25017312000,25017312000,"Census Tract 3120, Middlesex County, Massachusetts",3282,555,2391,645,180,144,0,127,681,401,30,49,0,127,0,127,0,127,0,127
1400000US25017312100,25017312100,"Census Tract 3121, Middlesex County, Massachusetts",2452,336,1614,341,146,153,0,127,410,223,0,127,131,77,151,118,32,67,119,104
1400000US25017312200,25017312200,"Census Tract 3122, Middlesex County, Massachusetts",4261,386,2879,449,290,287,0,127,776,153,0,127,306,181,10,15,0,127,10,15
1400000US25017312300,25017312300,"Census Tract 3123, Middlesex County, Massachusetts",5317,434,4059,564,264,248,0,127,580,283,0,127,222,243,192,145,94,77,98,133
1400000US25017312400,25017312400,"Census Tract 3124, Middlesex County, Massachusetts",2413,358,1629,422,129,115,0,127,75,58,0,127,414,196,166,142,15,31,151,146
1400000US25017312501,25017312501,"Census Tract 3125.01, Middlesex County, Massachusetts",4563,581,3359,334,100,110,0,127,377,294,0,127,697,623,30,40,0,127,30,40
1400000US25017312502,25017312502,"Census Tract 3125.02, Middlesex County, Massachusetts",3886,346,3685,361,74,63,0,127,32,47,48,72,13,21,34,36,34,36,0,127
1400000US25017313101,25017313101,"Census Tract 3131.01, Middlesex County, Massachusetts",5330,246,4925,282,19,21,6,9,314,102,0,127,11,18,55,55,0,127,55,55
1400000US25017313102,25017313102,"Census Tract 3131.02, Middlesex County, Massachusetts",6264,244,5950,307,12,15,0,127,145,161,84,116,73,73,0,127,0,127,0,127
1400000US25017314101,25017314101,"Census Tract 3141.01, Middlesex County, Massachusetts",5946,445,5411,456,26,48,0,127,388,281,0,127,0,127,121,140,0,127,121,140
1400000US25017314102,25017314102,"Census Tract 3141.02, Middlesex County, Massachusetts",6524,475,6165,483,93,124,0,127,198,114,0,127,12,19,56,60,0,127,56,60
1400000US25017314200,25017314200,"Census Tract 3142, Middlesex County, Massachusetts",5493,350,5162,413,299,259,0,127,0,127,0,127,32,40,0,127,0,127,0,127
1400000US25017314301,25017314301,"Census Tract 3143.01, Middlesex County, Massachusetts",7903,450,7099,437,116,121,11,18,335,188,0,127,195,228,147,123,87,108,60,61
1400000US25017314302,25017314302,"Census Tract 3143.02, Middlesex County, Massachusetts",3064,167,2982,177,30,41,0,127,52,58,0,127,0,127,0,127,0,127,0,127
1400000US25017315100,25017315100,"Census Tract 3151, Middlesex County, Massachusetts",5618,408,5356,417,7,13,9,15,228,176,0,127,18,27,0,127,0,127,0,127
1400000US25017315200,25017315200,"Census Tract 3152, Middlesex County, Massachusetts",7691,808,7234,729,68,78,21,21,297,230,0,127,71,103,0,127,0,127,0,127
1400000US25017315401,25017315401,"Census Tract 3154.01, Middlesex County, Massachusetts",3150,184,2798,242,0,127,0,127,158,99,0,127,185,232,9,14,0,127,9,14
1400000US25017315402,25017315402,"Census Tract 3154.02, Middlesex County, Massachusetts",2921,161,2814,210,0,127,0,127,91,92,0,127,0,127,16,18,9,15,7,11
1400000US25017315403,25017315403,"Census Tract 3154.03, Middlesex County, Massachusetts",1649,161,1612,168,0,127,15,18,0,127,0,127,11,18,11,20,11,20,0,127
1400000US25017315500,25017315500,"Census Tract 3155, Middlesex County, Massachusetts",7978,385,7544,421,9,15,12,17,259,202,0,127,24,39,130,78,12,20,118,76
1400000US25017316101,25017316101,"Census Tract 3161.01, Middlesex County, Massachusetts",5191,240,5043,245,0,127,0,127,130,103,0,127,7,11,11,18,11,18,0,127
1400000US25017316102,25017316102,"Census Tract 3161.02, Middlesex County, Massachusetts",6525,539,6195,567,178,158,0,127,90,91,0,127,28,43,34,43,0,127,34,43
1400000US25017316201,25017316201,"Census Tract 3162.01, Middlesex County, Massachusetts",3902,195,3476,288,69,88,0,127,357,254,0,127,0,127,0,127,0,127,0,127
1400000US25017316202,25017316202,"Census Tract 3162.02, Middlesex County, Massachusetts",4151,215,3691,257,0,127,9,15,353,214,0,127,70,70,28,36,17,32,11,17
1400000US25017316300,25017316300,"Census Tract 3163, Middlesex County, Massachusetts",7574,353,6377,454,101,96,10,15,998,430,0,127,0,127,88,79,23,37,65,66
1400000US25017316400,25017316400,"Census Tract 3164, Middlesex County, Massachusetts",6180,310,5813,355,63,37,6,11,202,150,0,127,31,26,65,47,26,33,39,34
1400000US25017316500,25017316500,"Census Tract 3165, Middlesex County, Massachusetts",5702,334,5233,358,216,163,0,127,135,99,0,127,67,99,51,45,0,127,51,45
1400000US25017317101,25017317101,"Census Tract 3171.01, Middlesex County, Massachusetts",5588,233,5311,255,0,127,0,127,216,75,0,127,0,127,61,65,0,127,61,65
1400000US25017317102,25017317102,"Census Tract 3171.02, Middlesex County, Massachusetts",4162,233,3812,232,0,127,3,9,264,104,0,127,14,21,69,57,0,127,69,57
1400000US25017317103,25017317103,"Census Tract 3171.03, Middlesex County, Massachusetts",4989,235,4558,289,84,114,0,127,253,92,0,127,82,122,12,14,0,127,12,14
1400000US25017317201,25017317201,"Census Tract 3172.01, Middlesex County, Massachusetts",2965,180,2759,187,26,43,6,9,133,107,0,127,0,127,41,53,0,127,41,53
1400000US25017317202,25017317202,"Census Tract 3172.02, Middlesex County, Massachusetts",3607,209,3415,235,0,127,0,127,123,102,0,127,40,44,29,28,0,127,29,28
1400000US25017317203,25017317203,"Census Tract 3172.03, Middlesex County, Massachusetts",4221,236,3794,248,23,27,0,127,383,75,0,127,0,127,21,22,0,127,21,22
1400000US25017317300,25017317300,"Census Tract 3173, Middlesex County, Massachusetts",8096,523,6622,386,80,131,8,13,758,177,0,127,530,635,98,82,17,25,81,75
1400000US25017318100,25017318100,"Census Tract 3181, Middlesex County, Massachusetts",6824,270,5704,384,14,24,14,23,901,261,0,127,47,69,144,148,102,138,42,68
1400000US25017318200,25017318200,"Census Tract 3182, Middlesex County, Massachusetts",3774,205,3318,250,45,68,0,127,366,186,0,127,0,127,45,46,0,127,45,46
1400000US25017318300,25017318300,"Census Tract 3183, Middlesex County, Massachusetts",7434,227,6629,277,65,71,0,127,582,166,0,127,48,73,110,66,0,127,110,66
1400000US25017318400,25017318400,"Census Tract 3184, Middlesex County, Massachusetts",3956,221,3495,290,7,11,0,127,339,164,29,47,22,36,64,60,0,127,64,60
1400000US25017320101,25017320101,"Census Tract 3201.01, Middlesex County, Massachusetts",9756,168,9170,243,0,127,6,11,416,110,0,127,40,41,124,92,62,71,62,60
1400000US25017320102,25017320102,"Census Tract 3201.02, Middlesex County, Massachusetts",4570,169,4434,196,0,127,0,127,86,76,0,127,0,127,50,55,12,21,38,48
1400000US25017321100,25017321100,"Census Tract 3211, Middlesex County, Massachusetts",7252,522,6492,562,0,127,15,26,429,167,0,127,113,141,203,141,26,29,177,139
1400000US25017321200,25017321200,"Census Tract 3212, Middlesex County, Massachusetts",6147,459,5358,571,50,54,0,127,544,322,0,127,125,90,70,64,40,49,30,38
1400000US25017321300,25017321300,"Census Tract 3213, Middlesex County, Massachusetts",7264,654,6287,678,257,249,0,127,110,103,0,127,448,414,162,112,35,57,127,91
1400000US25017321400,25017321400,"Census Tract 3214, Middlesex County, Massachusetts",3062,233,2795,237,63,70,0,127,47,43,0,127,83,84,74,83,0,127,74,83
1400000US25017321500,25017321500,"Census Tract 3215, Middlesex County, Massachusetts",6527,493,4906,584,94,102,0,127,639,504,0,127,747,454,141,134,72,80,69,72
1400000US25017321600,25017321600,"Census Tract 3216, Middlesex County, Massachusetts",7788,331,6856,435,36,69,0,127,622,148,0,127,187,166,87,86,0,127,87,86
1400000US25017322100,25017322100,"Census Tract 3221, Middlesex County, Massachusetts",4666,234,4486,270,22,24,6,9,152,159,0,127,0,127,0,127,0,127,0,127
1400000US25017322200,25017322200,"Census Tract 3222, Middlesex County, Massachusetts",3894,291,3756,281,19,29,0,127,76,71,0,127,0,127,43,36,0,127,43,36
1400000US25017322300,25017322300,"Census Tract 3223, Middlesex County, Massachusetts",6426,382,6099,432,51,55,0,127,145,166,0,127,50,79,81,69,0,127,81,69
1400000US25017322400,25017322400,"Census Tract 3224, Middlesex County, Massachusetts",4488,297,4242,305,0,127,0,127,98,80,0,127,90,100,58,51,0,127,58,51
1400000US25017323100,25017323100,"Census Tract 3231, Middlesex County, Massachusetts",6364,34,6128,130,20,36,0,127,103,74,0,127,8,13,105,87,0,127,105,87
1400000US25017324100,25017324100,"Census Tract 3241, Middlesex County, Massachusetts",8705,17,8363,145,5,10,11,17,250,152,0,127,0,127,76,71,22,37,54,61
1400000US25017325100,25017325100,"Census Tract 3251, Middlesex County, Massachusetts",7601,23,6663,358,313,183,70,74,202,170,0,127,148,158,205,139,0,127,205,139
1400000US25017326100,25017326100,"Census Tract 3261, Middlesex County, Massachusetts",10587,26,10145,139,11,19,19,22,273,92,0,127,52,63,87,67,17,29,70,61
1400000US25017327101,25017327101,"Census Tract 3271.01, Middlesex County, Massachusetts",3512,182,3409,187,67,87,14,15,0,127,0,127,0,127,22,26,0,127,22,26
1400000US25017327102,25017327102,"Census Tract 3271.02, Middlesex County, Massachusetts",3938,287,3808,277,19,23,0,127,111,190,0,127,0,127,0,127,0,127,0,127
1400000US25017327103,25017327103,"Census Tract 3271.03, Middlesex County, Massachusetts",3875,232,3839,225,0,127,0,127,11,19,0,127,0,127,25,23,0,127,25,23
1400000US25017328100,25017328100,"Census Tract 3281, Middlesex County, Massachusetts",3281,26,3132,110,0,127,0,127,87,73,0,127,14,27,48,50,0,127,48,50
1400000US25017330100,25017330100,"Census Tract 3301, Middlesex County, Massachusetts",7649,233,7509,274,0,127,0,127,112,104,0,127,0,127,28,45,28,45,0,127
1400000US25017330200,25017330200,"Census Tract 3302, Middlesex County, Massachusetts",5637,233,5362,279,46,43,0,127,92,87,0,127,44,43,93,85,0,127,93,85
1400000US25017331101,25017331101,"Census Tract 3311.01, Middlesex County, Massachusetts",3225,182,3107,182,35,45,0,127,83,81,0,127,0,127,0,127,0,127,0,127
1400000US25017331102,25017331102,"Census Tract 3311.02, Middlesex County, Massachusetts",6827,299,6409,381,78,72,0,127,135,121,0,127,100,90,105,101,0,127,105,101
1400000US25017331200,25017331200,"Census Tract 3312, Middlesex County, Massachusetts",5323,234,5143,257,0,127,0,127,141,117,0,127,0,127,39,45,25,40,14,23
1400000US25017331300,25017331300,"Census Tract 3313, Middlesex County, Massachusetts",6620,229,6192,288,84,116,8,12,287,191,0,127,0,127,49,55,0,127,49,55
1400000US25017332100,25017332100,"Census Tract 3321, Middlesex County, Massachusetts",6325,262,5506,263,64,103,0,127,580,175,0,127,0,127,175,137,0,127,175,137
1400000US25017332200,25017332200,"Census Tract 3322, Middlesex County, Massachusetts",8271,391,6734,483,172,162,20,34,1083,236,0,127,221,201,41,38,32,36,9,14
1400000US25017332300,25017332300,"Census Tract 3323, Middlesex County, Massachusetts",7529,381,5746,393,297,219,0,127,1355,351,0,127,86,87,45,56,0,127,45,56
1400000US25017332400,25017332400,"Census Tract 3324, Middlesex County, Massachusetts",2858,160,2482,249,146,131,0,127,221,140,0,127,0,127,9,15,0,127,9,15
1400000US25017333100,25017333100,"Census Tract 3331, Middlesex County, Massachusetts",7056,338,6260,422,82,85,0,127,672,388,0,127,28,46,14,22,0,127,14,22
1400000US25017333200,25017333200,"Census Tract 3332, Middlesex County, Massachusetts",4975,352,4844,361,19,30,0,127,72,75,0,127,15,24,25,57,25,57,0,127
1400000US25017333300,25017333300,"Census Tract 3333, Middlesex County, Massachusetts",3920,430,3486,446,151,125,0,127,154,138,0,127,117,111,12,18,12,18,0,127
1400000US25017333400,25017333400,"Census Tract 3334, Middlesex County, Massachusetts",6231,455,4935,444,571,337,0,127,527,226,0,127,168,125,30,34,0,127,30,34
1400000US25017333501,25017333501,"Census Tract 3335.01, Middlesex County, Massachusetts",5093,343,4565,407,115,119,0,127,179,138,0,127,126,143,108,111,0,127,108,111
1400000US25017333502,25017333502,"Census Tract 3335.02, Middlesex County, Massachusetts",4107,407,3559,411,197,196,0,127,199,197,0,127,66,54,86,57,39,57,47,35
1400000US25017333600,25017333600,"Census Tract 3336, Middlesex County, Massachusetts",7085,414,6014,422,225,179,28,46,658,219,0,127,0,127,160,153,0,127,160,153
1400000US25017334100,25017334100,"Census Tract 3341, Middlesex County, Massachusetts",5383,204,5053,231,38,60,18,26,147,101,0,127,59,53,68,82,0,127,68,82
1400000US25017334200,25017334200,"Census Tract 3342, Middlesex County, Massachusetts",4141,195,3974,190,0,127,0,127,60,55,0,127,66,63,41,64,41,64,0,127
1400000US25017334300,25017334300,"Census Tract 3343, Middlesex County, Massachusetts",7732,280,7617,267,0,127,0,127,50,48,0,127,0,127,65,84,0,127,65,84
1400000US25017334400,25017334400,"Census Tract 3344, Middlesex County, Massachusetts",6070,217,5726,240,0,127,0,127,259,117,0,127,13,21,72,71,39,58,33,39
1400000US25017335100,25017335100,"Census Tract 3351, Middlesex County, Massachusetts",5705,367,5518,418,0,127,0,127,136,123,0,127,0,127,51,65,0,127,51,65
1400000US25017335200,25017335200,"Census Tract 3352, Middlesex County, Massachusetts",5575,534,5227,563,54,69,0,127,215,155,0,127,0,127,79,71,0,127,79,71
1400000US25017335300,25017335300,"Census Tract 3353, Middlesex County, Massachusetts",7750,360,7452,375,56,90,0,127,133,135,0,127,49,62,60,72,0,127,60,72
1400000US25017335400,25017335400,"Census Tract 3354, Middlesex County, Massachusetts",5411,351,5244,363,0,127,0,127,68,59,0,127,40,45,59,66,0,127,59,66
1400000US25017336100,25017336100,"Census Tract 3361, Middlesex County, Massachusetts",5078,333,4647,393,57,53,0,127,303,197,0,127,14,21,57,65,0,127,57,65
1400000US25017336200,25017336200,"Census Tract 3362, Middlesex County, Massachusetts",6062,425,5896,423,14,25,0,127,51,50,0,127,40,35,61,59,24,37,37,45
1400000US25017336300,25017336300,"Census Tract 3363, Middlesex County, Massachusetts",6566,387,6416,393,18,28,0,127,99,75,0,127,0,127,33,51,33,51,0,127
1400000US25017336401,25017336401,"Census Tract 3364.01, Middlesex County, Massachusetts",3966,311,3301,324,344,324,0,127,182,116,0,127,102,146,37,50,0,127,37,50
1400000US25017336402,25017336402,"Census Tract 3364.02, Middlesex County, Massachusetts",4807,440,4207,511,112,117,0,127,267,183,0,127,152,234,69,78,0,127,69,78
1400000US25017337101,25017337101,"Census Tract 3371.01, Middlesex County, Massachusetts",3178,253,2786,282,211,186,0,127,51,61,0,127,0,127,130,158,0,127,130,158
1400000US25017337102,25017337102,"Census Tract 3371.02, Middlesex County, Massachusetts",5624,392,5441,433,0,127,6,9,55,53,0,127,65,119,57,66,32,50,25,41
1400000US25017337201,25017337201,"Census Tract 3372.01, Middlesex County, Massachusetts",3072,289,3021,295,0,127,0,127,0,127,0,127,26,31,25,23,17,19,8,14
1400000US25017337202,25017337202,"Census Tract 3372.02, Middlesex County, Massachusetts",5040,276,4869,309,57,67,0,127,114,92,0,127,0,127,0,127,0,127,0,127
1400000US25017337300,25017337300,"Census Tract 3373, Middlesex County, Massachusetts",4846,369,4439,404,77,80,22,34,229,160,0,127,18,63,61,63,0,127,61,63
1400000US25017338100,25017338100,"Census Tract 3381, Middlesex County, Massachusetts",2956,158,2482,195,0,127,10,16,386,166,0,127,23,37,55,38,0,127,55,38
1400000US25017338200,25017338200,"Census Tract 3382, Middlesex County, Massachusetts",3847,504,3221,507,24,33,0,127,461,189,0,127,0,127,141,122,0,127,141,122
1400000US25017338300,25017338300,"Census Tract 3383, Middlesex County, Massachusetts",3197,176,3072,181,0,127,34,68,73,47,0,127,0,127,18,31,0,127,18,31
1400000US25017338400,25017338400,"Census Tract 3384, Middlesex County, Massachusetts",5864,334,5388,319,0,127,10,15,382,127,0,127,0,127,84,85,0,127,84,85
1400000US25017338500,25017338500,"Census Tract 3385, Middlesex County, Massachusetts",5302,292,4875,365,0,127,0,127,254,127,0,127,77,88,96,96,54,87,42,43
1400000US25017339100,25017339100,"Census Tract 3391, Middlesex County, Massachusetts",6540,494,5827,547,300,241,0,127,280,135,0,127,56,62,77,82,0,127,77,82
1400000US25017339200,25017339200,"Census Tract 3392, Middlesex County, Massachusetts",5772,301,5514,400,223,295,0,127,35,39,0,127,0,127,0,127,0,127,0,127
1400000US25017339300,25017339300,"Census Tract 3393, Middlesex County, Massachusetts",2582,190,1271,333,910,339,4,7,64,46,0,127,0,127,333,326,62,67,271,262
1400000US25017339400,25017339400,"Census Tract 3394, Middlesex County, Massachusetts",3147,323,2406,334,557,219,0,127,153,133,0,127,0,127,31,32,0,127,31,32
1400000US25017339500,25017339500,"Census Tract 3395, Middlesex County, Massachusetts",5790,478,4602,426,257,165,28,43,607,268,16,26,166,108,114,64,18,30,96,63
1400000US25017339600,25017339600,"Census Tract 3396, Middlesex County, Massachusetts",5079,477,4267,516,208,178,0,127,333,337,0,127,206,216,65,66,18,30,47,58
1400000US25017339700,25017339700,"Census Tract 3397, Middlesex County, Massachusetts",3918,352,2828,293,609,305,0,127,340,265,0,127,52,69,89,114,0,127,89,114
1400000US25017339800,25017339800,"Census Tract 3398, Middlesex County, Massachusetts",8639,770,6113,671,727,374,18,30,1033,258,0,127,671,559,77,57,26,28,51,50
1400000US25017339900,25017339900,"Census Tract 3399, Middlesex County, Massachusetts",5182,541,4431,611,469,262,0,127,115,133,0,127,96,94,71,76,0,127,71,76
1400000US25017340000,25017340000,"Census Tract 3400, Middlesex County, Massachusetts",2647,464,2024,250,349,391,0,127,137,199,0,127,15,22,122,183,0,127,122,183
1400000US25017340100,25017340100,"Census Tract 3401, Middlesex County, Massachusetts",6454,409,6039,425,89,118,0,127,150,105,0,127,94,103,82,73,0,127,82,73
1400000US25017341100,25017341100,"Census Tract 3411, Middlesex County, Massachusetts",7521,477,5297,517,547,313,0,127,1584,381,0,127,34,67,59,50,0,127,59,50
1400000US25017341200,25017341200,"Census Tract 3412, Middlesex County, Massachusetts",6054,650,4581,624,116,171,39,59,952,331,0,127,307,317,59,64,25,36,34,55
1400000US25017341300,25017341300,"Census Tract 3413, Middlesex County, Massachusetts",4759,430,2031,428,660,271,5,9,1971,284,0,127,67,58,25,28,0,127,25,28
1400000US25017341400,25017341400,"Census Tract 3414, Middlesex County, Massachusetts",6468,547,4883,452,621,521,0,127,759,308,0,127,141,193,64,63,0,127,64,63
1400000US25017341500,25017341500,"Census Tract 3415, Middlesex County, Massachusetts",4646,409,2042,380,1157,363,0,127,1033,309,0,127,163,135,251,246,15,26,236,243
1400000US25017341600,25017341600,"Census Tract 3416, Middlesex County, Massachusetts",6444,527,4172,495,876,254,36,37,945,403,0,127,269,195,146,122,95,112,51,54
1400000US25017341700,25017341700,"Census Tract 3417, Middlesex County, Massachusetts",5516,455,3851,588,871,680,0,127,358,209,0,127,269,189,167,125,76,83,91,96
1400000US25017341800,25017341800,"Census Tract 3418, Middlesex County, Massachusetts",6600,554,4198,557,1011,332,0,127,757,237,0,127,292,210,342,219,25,43,317,232
1400000US25017341900,25017341900,"Census Tract 3419, Middlesex County, Massachusetts",7948,553,5229,522,1018,424,0,127,1449,344,0,127,200,141,52,68,0,127,52,68
1400000US25017342100,25017342100,"Census Tract 3421, Middlesex County, Massachusetts",7693,590,6261,669,1091,515,0,127,52,84,0,127,196,175,93,70,35,36,58,58
1400000US25017342200,25017342200,"Census Tract 3422, Middlesex County, Massachusetts",8141,634,6116,723,1054,399,0,127,280,167,0,127,431,217,260,175,96,107,164,158
1400000US25017342300,25017342300,"Census Tract 3423, Middlesex County, Massachusetts",6328,549,4368,590,562,236,0,127,823,520,0,127,430,427,145,139,0,127,145,139
1400000US25017342400,25017342400,"Census Tract 3424, Middlesex County, Massachusetts",5043,592,3839,605,263,166,0,127,313,167,0,127,484,289,144,178,17,42,127,170
1400000US25017342500,25017342500,"Census Tract 3425, Middlesex County, Massachusetts",6181,611,4740,639,844,264,0,127,151,105,0,127,354,267,92,64,41,45,51,44
1400000US25017342600,25017342600,"Census Tract 3426, Middlesex County, Massachusetts",3751,461,2852,482,412,210,0,127,115,112,0,127,352,343,20,28,20,28,0,127
1400000US25017350100,25017350100,"Census Tract 3501, Middlesex County, Massachusetts",8273,778,5029,785,725,358,20,23,1082,605,0,127,1080,542,337,288,18,28,319,289
1400000US25017350200,25017350200,"Census Tract 3502, Middlesex County, Massachusetts",6621,628,5082,670,338,316,0,127,222,169,0,127,892,471,87,122,87,122,0,127
1400000US25017350300,25017350300,"Census Tract 3503, Middlesex County, Massachusetts",2503,256,1460,292,482,243,92,100,61,47,0,127,399,249,9,17,0,127,9,17
1400000US25017350400,25017350400,"Census Tract 3504, Middlesex County, Massachusetts",5961,505,5550,496,53,45,0,127,262,168,0,127,44,54,52,51,0,127,52,51
1400000US25017350500,25017350500,"Census Tract 3505, Middlesex County, Massachusetts",1560,156,1422,166,0,127,0,127,60,48,0,127,0,127,78,44,0,127,78,44
1400000US25017350600,25017350600,"Census Tract 3506, Middlesex County, Massachusetts",5361,634,4418,537,210,201,0,127,587,263,0,127,56,48,90,58,15,27,75,50
1400000US25017350700,25017350700,"Census Tract 3507, Middlesex County, Massachusetts",5812,716,4293,576,458,186,8,15,417,445,0,127,551,508,85,82,0,127,85,82
1400000US25017350800,25017350800,"Census Tract 3508, Middlesex County, Massachusetts",1732,159,1440,253,254,210,7,14,23,25,0,127,0,127,8,13,0,127,8,13
1400000US25017350900,25017350900,"Census Tract 3509, Middlesex County, Massachusetts",3113,275,2746,256,30,49,0,127,265,116,0,127,13,21,59,62,0,127,59,62
1400000US25017351000,25017351000,"Census Tract 3510, Middlesex County, Massachusetts",6997,686,5705,494,119,107,0,127,670,198,147,199,319,397,37,37,0,127,37,37
1400000US25017351100,25017351100,"Census Tract 3511, Middlesex County, Massachusetts",5343,513,4445,494,178,103,15,24,460,229,0,127,206,215,39,37,16,25,23,27
1400000US25017351200,25017351200,"Census Tract 3512, Middlesex County, Massachusetts",8342,683,6446,660,351,174,0,127,1082,390,0,127,317,253,146,79,19,30,127,80
1400000US25017351300,25017351300,"Census Tract 3513, Middlesex County, Massachusetts",4244,512,3435,518,135,111,97,117,502,313,0,127,15,31,60,66,0,127,60,66
1400000US25017351400,25017351400,"Census Tract 3514, Middlesex County, Massachusetts",7554,568,5036,721,536,312,29,33,600,200,0,127,964,530,389,282,232,241,157,156
1400000US25017351500,25017351500,"Census Tract 3515, Middlesex County, Massachusetts",2324,429,1575,418,245,180,0,127,252,264,0,127,193,263,59,56,0,127,59,56
1400000US25017352100,25017352100,"Census Tract 3521, Middlesex County, Massachusetts",3493,469,2797,374,132,114,0,127,450,120,0,127,65,60,49,58,17,28,32,33
1400000US25017352200,25017352200,"Census Tract 3522, Middlesex County, Massachusetts",2583,486,1570,353,541,451,7,11,356,186,0,127,109,137,0,127,0,127,0,127
1400000US25017352300,25017352300,"Census Tract 3523, Middlesex County, Massachusetts",2758,315,1929,306,85,105,0,127,411,267,0,127,196,121,137,88,0,127,137,88
1400000US25017352400,25017352400,"Census Tract 3524, Middlesex County, Massachusetts",1927,207,889,234,763,212,0,127,94,74,0,127,154,143,27,46,0,127,27,46
1400000US25017352500,25017352500,"Census Tract 3525, Middlesex County, Massachusetts",3947,496,2352,501,694,199,17,20,364,191,34,56,384,264,102,67,0,127,102,67
1400000US25017352600,25017352600,"Census Tract 3526, Middlesex County, Massachusetts",2545,348,1700,320,277,102,19,22,237,136,0,127,247,185,65,57,29,49,36,28
1400000US25017352700,25017352700,"Census Tract 3527, Middlesex County, Massachusetts",2378,272,1562,272,362,221,0,127,262,263,0,127,46,49,146,83,32,38,114,75
1400000US25017352800,25017352800,"Census Tract 3528, Middlesex County, Massachusetts",2579,417,1513,332,534,347,0,127,235,142,21,33,206,215,70,111,0,127,70,111
1400000US25017352900,25017352900,"Census Tract 3529, Middlesex County, Massachusetts",3353,326,3023,332,103,91,32,39,125,79,0,127,38,43,32,37,0,127,32,37
1400000US25017353000,25017353000,"Census Tract 3530, Middlesex County, Massachusetts",4332,425,2593,426,538,141,0,127,858,271,81,128,126,80,136,116,0,127,136,116
1400000US25017353100,25017353100,"Census Tract 3531, Middlesex County, Massachusetts",5596,554,3183,379,470,196,16,26,1691,419,0,127,178,128,58,69,39,48,19,31
1400000US25017353200,25017353200,"Census Tract 3532, Middlesex County, Massachusetts",3478,396,2366,359,487,251,0,127,341,164,0,127,127,173,157,74,16,25,141,70
1400000US25017353300,25017353300,"Census Tract 3533, Middlesex County, Massachusetts",4974,861,3882,550,253,192,0,127,323,156,0,127,384,333,132,83,0,127,132,83
1400000US25017353400,25017353400,"Census Tract 3534, Middlesex County, Massachusetts",2727,329,1558,264,755,314,106,125,243,140,0,127,15,20,50,54,0,127,50,54
1400000US25017353500,25017353500,"Census Tract 3535, Middlesex County, Massachusetts",2759,290,1772,234,441,97,0,127,263,142,0,127,68,58,215,199,5,9,210,200
1400000US25017353600,25017353600,"Census Tract 3536, Middlesex County, Massachusetts",5084,808,3767,584,341,172,12,19,673,159,0,127,143,106,148,108,0,127,148,108
1400000US25017353700,25017353700,"Census Tract 3537, Middlesex County, Massachusetts",5376,734,3925,532,282,156,40,64,974,386,0,127,19,29,136,85,17,28,119,76
1400000US25017353800,25017353800,"Census Tract 3538, Middlesex County, Massachusetts",4771,467,3601,413,231,132,45,42,671,167,0,127,40,45,183,101,47,51,136,82
1400000US25017353900,25017353900,"Census Tract 3539, Middlesex County, Massachusetts",3191,450,1979,373,273,110,0,127,753,239,0,127,60,57,126,71,8,12,118,70
1400000US25017354000,25017354000,"Census Tract 3540, Middlesex County, Massachusetts",3991,498,3144,421,134,90,0,127,485,174,0,127,102,98,126,101,0,127,126,101
1400000US25017354100,25017354100,"Census Tract 3541, Middlesex County, Massachusetts",3392,480,2594,436,202,103,6,9,328,203,0,127,101,73,161,102,46,61,115,87
1400000US25017354200,25017354200,"Census Tract 3542, Middlesex County, Massachusetts",3581,372,3344,328,41,43,0,127,121,94,0,127,11,16,64,54,17,27,47,45
1400000US25017354300,25017354300,"Census Tract 3543, Middlesex County, Massachusetts",3728,353,2904,323,494,121,0,127,229,121,0,127,42,33,59,66,39,63,20,23
1400000US25017354400,25017354400,"Census Tract 3544, Middlesex County, Massachusetts",1575,239,1441,233,79,70,5,9,50,42,0,127,0,127,0,127,0,127,0,127
1400000US25017354500,25017354500,"Census Tract 3545, Middlesex County, Massachusetts",2794,260,2120,264,67,85,0,127,415,140,0,127,11,17,181,158,0,127,181,158
1400000US25017354600,25017354600,"Census Tract 3546, Middlesex County, Massachusetts",4922,451,3217,411,1128,271,13,20,475,223,0,127,11,19,78,55,0,127,78,55
1400000US25017354700,25017354700,"Census Tract 3547, Middlesex County, Massachusetts",2838,256,2264,219,93,70,0,127,332,124,0,127,23,27,126,73,11,18,115,70
1400000US25017354800,25017354800,"Census Tract 3548, Middlesex County, Massachusetts",2407,192,2115,206,9,14,0,127,189,84,0,127,46,43,48,51,0,127,48,51
1400000US25017354900,25017354900,"Census Tract 3549, Middlesex County, Massachusetts",5942,549,2780,451,1716,349,99,95,1144,266,0,127,32,37,171,110,32,36,139,101
1400000US25017355000,25017355000,"Census Tract 3550, Middlesex County, Massachusetts",3328,387,2667,436,397,206,0,127,204,128,0,127,36,34,24,26,0,127,24,26
1400000US25017356100,25017356100,"Census Tract 3561, Middlesex County, Massachusetts",3290,372,2889,394,97,133,0,127,148,73,0,127,27,42,129,95,0,127,129,95
1400000US25017356200,25017356200,"Census Tract 3562, Middlesex County, Massachusetts",4879,332,4223,314,28,32,0,127,517,172,0,127,55,61,56,68,0,127,56,68
1400000US25017356300,25017356300,"Census Tract 3563, Middlesex County, Massachusetts",4579,375,3404,489,296,239,0,127,643,360,0,127,71,90,165,116,0,127,165,116
1400000US25017356400,25017356400,"Census Tract 3564, Middlesex County, Massachusetts",7231,284,6746,349,47,38,8,13,276,132,0,127,14,21,140,121,14,23,126,119
1400000US25017356500,25017356500,"Census Tract 3565, Middlesex County, Massachusetts",6179,272,5496,313,107,75,12,22,393,123,0,127,0,127,171,119,0,127,171,119
1400000US25017356601,25017356601,"Census Tract 3566.01, Middlesex County, Massachusetts",4038,270,3603,247,137,115,0,127,190,102,0,127,17,27,91,86,0,127,91,86
1400000US25017356602,25017356602,"Census Tract 3566.02, Middlesex County, Massachusetts",3895,188,3426,352,13,22,0,127,407,338,0,127,0,127,49,43,0,127,49,43
1400000US25017356700,25017356700,"Census Tract 3567, Middlesex County, Massachusetts",7153,375,5898,467,279,242,0,127,716,202,0,127,11,18,249,150,0,127,249,150
1400000US25017357100,25017357100,"Census Tract 3571, Middlesex County, Massachusetts",4009,217,3558,240,7,12,0,127,406,119,0,127,0,127,38,59,0,127,38,59
1400000US25017357200,25017357200,"Census Tract 3572, Middlesex County, Massachusetts",2953,154,2699,187,0,127,0,127,190,95,0,127,22,24,42,39,0,127,42,39
1400000US25017357300,25017357300,"Census Tract 3573, Middlesex County, Massachusetts",2777,153,2381,245,11,18,0,127,385,221,0,127,0,127,0,127,0,127,0,127
1400000US25017357400,25017357400,"Census Tract 3574, Middlesex County, Massachusetts",2280,137,2147,145,0,127,0,127,98,66,0,127,0,127,35,39,16,27,19,26
1400000US25017357500,25017357500,"Census Tract 3575, Middlesex County, Massachusetts",2140,220,1787,280,0,127,0,127,353,174,0,127,0,127,0,127,0,127,0,127
1400000US25017357600,25017357600,"Census Tract 3576, Middlesex County, Massachusetts",2398,177,2178,184,0,127,0,127,202,132,18,30,0,127,0,127,0,127,0,127
1400000US25017357700,25017357700,"Census Tract 3577, Middlesex County, Massachusetts",3433,290,2806,346,17,27,0,127,564,307,0,127,24,29,22,22,0,127,22,22
1400000US25017357800,25017357800,"Census Tract 3578, Middlesex County, Massachusetts",3425,253,3159,279,52,83,0,127,75,66,0,127,67,71,72,76,51,70,21,33
1400000US25017358100,25017358100,"Census Tract 3581, Middlesex County, Massachusetts",4925,309,3932,409,46,41,0,127,701,164,0,127,17,29,229,172,12,19,217,171
1400000US25017358300,25017358300,"Census Tract 3583, Middlesex County, Massachusetts",4793,212,3611,249,43,48,19,20,1013,254,0,127,20,31,87,72,0,127,87,72
1400000US25017358400,25017358400,"Census Tract 3584, Middlesex County, Massachusetts",5053,280,4362,285,9,16,0,127,636,155,0,127,0,127,46,43,0,127,46,43
1400000US25017358500,25017358500,"Census Tract 3585, Middlesex County, Massachusetts",4813,246,3676,207,24,38,0,127,1107,225,0,127,0,127,6,10,0,127,6,10
1400000US25017358600,25017358600,"Census Tract 3586, Middlesex County, Massachusetts",5974,228,4531,292,14,21,0,127,1212,288,0,127,0,127,217,136,52,61,165,119
1400000US25017358700,25017358700,"Census Tract 3587, Middlesex County, Massachusetts",4884,216,4128,274,12,19,10,15,520,201,0,127,34,37,180,101,42,53,138,93
1400000US25017359100,25017359100,"Census Tract 3591, Middlesex County, Massachusetts",6000,317,5183,368,121,140,36,46,459,213,0,127,0,127,201,263,0,127,201,263
1400000US25017359300,25017359300,"Census Tract 3593, Middlesex County, Massachusetts",7152,326,6379,373,57,49,15,24,445,167,0,127,154,171,102,84,17,28,85,79
1400000US25017360100,25017360100,"Census Tract 3601, Middlesex County, Massachusetts",2694,346,2148,448,220,242,0,127,130,138,0,127,57,74,139,154,0,127,139,154
1400000US25017360200,25017360200,"Census Tract 3602, Middlesex County, Massachusetts",5603,348,4981,364,0,127,0,127,341,114,0,127,104,118,177,134,0,127,177,134
1400000US25017361100,25017361100,"Census Tract 3611, Middlesex County, Massachusetts",5349,343,5057,372,49,64,0,127,208,225,0,127,16,28,19,21,0,127,19,21
1400000US25017361200,25017361200,"Census Tract 3612, Middlesex County, Massachusetts",6105,374,5222,339,556,82,9,15,130,93,0,127,103,95,85,70,15,26,70,64
1400000US25017361300,25017361300,"Census Tract 3613, Middlesex County, Massachusetts",6112,374,5818,417,42,55,10,16,85,83,0,127,0,127,157,105,0,127,157,105
1400000US25017362100,25017362100,"Census Tract 3621, Middlesex County, Massachusetts",4817,28,4324,191,16,17,0,127,371,159,0,127,0,127,106,119,0,127,106,119
1400000US25017363101,25017363101,"Census Tract 3631.01, Middlesex County, Massachusetts",9138,304,7194,333,214,134,5,11,1463,230,0,127,107,79,155,115,0,127,155,115
1400000US25017363102,25017363102,"Census Tract 3631.02, Middlesex County, Massachusetts",5055,364,3679,479,87,78,9,15,1048,353,0,127,116,103,116,88,32,37,84,81
1400000US25017363201,25017363201,"Census Tract 3632.01, Middlesex County, Massachusetts",3100,157,2718,190,7,11,0,127,375,120,0,127,0,127,0,127,0,127,0,127
1400000US25017363202,25017363202,"Census Tract 3632.02, Middlesex County, Massachusetts",3480,248,3006,261,0,127,0,127,345,181,0,127,0,127,129,93,52,82,77,44
1400000US25017364101,25017364101,"Census Tract 3641.01, Middlesex County, Massachusetts",5277,207,5125,234,48,58,0,127,19,32,0,127,53,39,32,54,0,127,32,54
1400000US25017364102,25017364102,"Census Tract 3641.02, Middlesex County, Massachusetts",5108,205,4802,262,126,117,0,127,142,120,0,127,0,127,38,36,0,127,38,36
1400000US25017365100,25017365100,"Census Tract 3651, Middlesex County, Massachusetts",7711,234,7065,257,29,46,0,127,504,140,0,127,21,35,92,80,12,20,80,77
1400000US25017365201,25017365201,"Census Tract 3652.01, Middlesex County, Massachusetts",5348,311,4866,316,12,19,0,127,358,97,0,127,4,8,108,92,9,14,99,93
1400000US25017365202,25017365202,"Census Tract 3652.02, Middlesex County, Massachusetts",4185,298,3783,379,98,93,0,127,124,95,0,127,143,135,37,43,0,127,37,43
1400000US25017366100,25017366100,"Census Tract 3661, Middlesex County, Massachusetts",4787,151,4260,199,7,10,4,7,468,126,0,127,5,12,43,75,0,127,43,75
1400000US25017366200,25017366200,"Census Tract 3662, Middlesex County, Massachusetts",8432,152,7521,230,15,24,21,32,749,184,0,127,0,127,126,87,0,127,126,87
1400000US25017367100,25017367100,"Census Tract 3671, Middlesex County, Massachusetts",4208,400,3583,356,0,127,0,127,492,121,0,127,0,127,133,88,0,127,133,88
1400000US25017367200,25017367200,"Census Tract 3672, Middlesex County, Massachusetts",7265,393,6544,355,160,118,0,127,497,123,0,127,45,74,19,32,0,127,19,32
1400000US25017368101,25017368101,"Census Tract 3681.01, Middlesex County, Massachusetts",5526,467,4328,601,273,234,0,127,726,244,0,127,138,161,61,82,0,127,61,82
1400000US25017368102,25017368102,"Census Tract 3681.02, Middlesex County, Massachusetts",3745,332,3056,383,224,179,8,13,366,233,0,127,63,81,28,38,0,127,28,38
1400000US25017368200,25017368200,"Census Tract 3682, Middlesex County, Massachusetts",4446,454,3681,405,264,352,0,127,254,93,0,127,125,127,122,73,39,36,83,67
1400000US25017368300,25017368300,"Census Tract 3683, Middlesex County, Massachusetts",4802,1030,3149,455,287,257,0,127,1072,1059,0,127,267,136,27,59,0,127,27,59
1400000US25017368400,25017368400,"Census Tract 3684, Middlesex County, Massachusetts",8940,994,6794,905,582,402,0,127,1091,261,0,127,375,310,98,69,31,35,67,50
1400000US25017368500,25017368500,"Census Tract 3685, Middlesex County, Massachusetts",3091,365,2262,381,74,59,0,127,451,211,0,127,304,231,0,127,0,127,0,127
1400000US25017368600,25017368600,"Census Tract 3686, Middlesex County, Massachusetts",4851,590,3920,505,196,160,0,127,127,96,0,127,538,420,70,71,0,127,70,71
1400000US25017368700,25017368700,"Census Tract 3687, Middlesex County, Massachusetts",2315,364,2013,340,165,118,0,127,63,52,0,127,51,58,23,29,23,29,0,127
1400000US25017368800,25017368800,"Census Tract 3688, Middlesex County, Massachusetts",4583,639,3509,479,685,439,13,21,86,84,0,127,268,225,22,35,22,35,0,127
1400000US25017368901,25017368901,"Census Tract 3689.01, Middlesex County, Massachusetts",8690,2001,7197,2086,586,293,17,27,483,163,22,35,253,191,132,84,14,22,118,81
1400000US25017368902,25017368902,"Census Tract 3689.02, Middlesex County, Massachusetts",3663,621,2333,545,468,220,36,44,457,191,0,127,364,165,5,10,0,127,5,10
1400000US25017369000,25017369000,"Census Tract 3690, Middlesex County, Massachusetts",963,242,819,229,68,83,8,12,59,69,0,127,9,13,0,127,0,127,0,127
1400000US25017369100,25017369100,"Census Tract 3691, Middlesex County, Massachusetts",4981,513,4085,545,410,313,11,18,251,156,0,127,163,130,61,52,12,19,49,49
1400000US25017370101,25017370101,"Census Tract 3701.01, Middlesex County, Massachusetts",6288,521,5681,544,37,41,0,127,444,252,0,127,0,127,126,178,0,127,126,178
1400000US25017370102,25017370102,"Census Tract 3701.02, Middlesex County, Massachusetts",6774,519,5778,538,203,190,0,127,646,277,41,68,81,85,25,35,25,35,0,127
1400000US25017370200,25017370200,"Census Tract 3702, Middlesex County, Massachusetts",8289,616,7369,590,318,215,0,127,365,231,0,127,70,51,167,152,0,127,167,152
1400000US25017370300,25017370300,"Census Tract 3703, Middlesex County, Massachusetts",5981,417,5491,411,111,87,10,18,183,110,0,127,140,194,46,50,0,127,46,50
1400000US25017370400,25017370400,"Census Tract 3704, Middlesex County, Massachusetts",5435,841,4927,787,135,154,0,127,201,128,0,127,121,164,51,55,0,127,51,55
1400000US25017373100,25017373100,"Census Tract 3731, Middlesex County, Massachusetts",4709,400,3910,436,112,106,0,127,443,306,0,127,150,173,94,79,0,127,94,79
1400000US25017373200,25017373200,"Census Tract 3732, Middlesex County, Massachusetts",3993,399,3453,346,22,38,0,127,257,220,0,127,152,167,109,85,7,13,102,84
1400000US25017373300,25017373300,"Census Tract 3733, Middlesex County, Massachusetts",2504,298,2192,369,112,132,15,24,175,105,0,127,0,127,10,16,10,16,0,127
1400000US25017373400,25017373400,"Census Tract 3734, Middlesex County, Massachusetts",2817,285,2450,312,0,127,0,127,259,180,0,127,84,115,24,37,0,127,24,37
1400000US25017373500,25017373500,"Census Tract 3735, Middlesex County, Massachusetts",5573,453,5005,412,132,124,0,127,333,118,0,127,29,46,74,56,0,127,74,56
1400000US25017373600,25017373600,"Census Tract 3736, Middlesex County, Massachusetts",10055,1384,8409,1288,377,174,0,127,821,277,169,116,127,96,152,98,0,127,152,98
1400000US25017373700,25017373700,"Census Tract 3737, Middlesex County, Massachusetts",3491,202,3186,261,27,30,26,37,125,75,0,127,9,14,118,90,8,12,110,90
1400000US25017373800,25017373800,"Census Tract 3738, Middlesex County, Massachusetts",5293,332,4196,454,393,248,0,127,525,157,0,127,76,118,103,97,0,127,103,97
1400000US25017373900,25017373900,"Census Tract 3739, Middlesex County, Massachusetts",6413,437,5594,486,39,62,0,127,696,217,0,127,22,36,62,62,0,127,62,62
1400000US25017374000,25017374000,"Census Tract 3740, Middlesex County, Massachusetts",4878,534,3927,503,40,44,5,9,727,209,0,127,95,93,84,65,0,127,84,65
1400000US25017374100,25017374100,"Census Tract 3741, Middlesex County, Massachusetts",4122,328,3201,356,173,152,0,127,624,220,0,127,100,98,24,27,0,127,24,27
1400000US25017374200,25017374200,"Census Tract 3742, Middlesex County, Massachusetts",4023,252,3260,322,78,104,0,127,347,182,0,127,95,118,243,133,41,55,202,127
1400000US25017374300,25017374300,"Census Tract 3743, Middlesex County, Massachusetts",3223,144,3074,180,9,13,0,127,130,103,0,127,0,127,10,15,0,127,10,15
1400000US25017374400,25017374400,"Census Tract 3744, Middlesex County, Massachusetts",5005,364,4566,331,46,38,0,127,370,124,0,127,0,127,23,25,0,127,23,25
1400000US25017374500,25017374500,"Census Tract 3745, Middlesex County, Massachusetts",4005,300,3452,299,114,76,0,127,394,150,0,127,11,16,34,30,0,127,34,30
1400000US25017374600,25017374600,"Census Tract 3746, Middlesex County, Massachusetts",4738,296,3907,277,84,76,6,11,623,142,0,127,111,143,7,10,0,127,7,10
1400000US25017374700,25017374700,"Census Tract 3747, Middlesex County, Massachusetts",4271,286,3657,290,99,82,0,127,437,90,0,127,18,27,60,45,0,127,60,45
1400000US25017374800,25017374800,"Census Tract 3748, Middlesex County, Massachusetts",4342,569,3354,516,168,100,0,127,722,210,0,127,62,70,36,39,0,127,36,39
1400000US25017382100,25017382100,"Census Tract 3821, Middlesex County, Massachusetts",4893,326,4535,375,76,67,0,127,201,109,0,127,32,43,49,51,0,127,49,51
1400000US25017382200,25017382200,"Census Tract 3822, Middlesex County, Massachusetts",4905,285,4231,415,276,309,0,127,295,169,0,127,67,58,36,40,0,127,36,40
1400000US25017382300,25017382300,"Census Tract 3823, Middlesex County, Massachusetts",5819,421,5491,449,0,127,0,127,272,167,0,127,16,26,40,44,0,127,40,44
1400000US25017382400,25017382400,"Census Tract 3824, Middlesex County, Massachusetts",4196,224,4056,237,36,40,0,127,47,44,0,127,20,32,37,29,0,127,37,29
1400000US25017382500,25017382500,"Census Tract 3825, Middlesex County, Massachusetts",4296,377,3404,342,398,299,0,127,232,157,0,127,110,104,152,87,30,49,122,67
1400000US25017382600,25017382600,"Census Tract 3826, Middlesex County, Massachusetts",8075,428,6380,451,188,137,21,32,949,371,0,127,354,279,183,151,116,149,67,56
1400000US25017383100,25017383100,"Census Tract 3831, Middlesex County, Massachusetts",8844,625,4399,586,586,299,33,38,323,210,0,127,3134,601,369,219,105,78,264,197
1400000US25017383200,25017383200,"Census Tract 3832, Middlesex County, Massachusetts",4881,567,2694,492,596,305,32,35,114,117,0,127,1329,537,116,107,58,68,58,82
1400000US25017383300,25017383300,"Census Tract 3833, Middlesex County, Massachusetts",3027,554,2363,505,41,39,6,9,156,109,0,127,434,329,27,33,0,127,27,33
1400000US25017383400,25017383400,"Census Tract 3834, Middlesex County, Massachusetts",4705,474,3529,588,286,156,28,43,170,151,0,127,637,269,55,61,55,61,0,127
1400000US25017383501,25017383501,"Census Tract 3835.01, Middlesex County, Massachusetts",3875,325,2236,388,335,213,52,57,575,142,0,127,607,289,70,94,0,127,70,94
1400000US25017383502,25017383502,"Census Tract 3835.02, Middlesex County, Massachusetts",4377,620,3852,595,156,114,35,39,172,93,0,127,121,99,41,43,17,29,24,32
1400000US25017383600,25017383600,"Census Tract 3836, Middlesex County, Massachusetts",6254,731,4875,650,241,224,74,68,495,224,0,127,431,416,138,130,122,127,16,27
1400000US25017383700,25017383700,"Census Tract 3837, Middlesex County, Massachusetts",5267,374,4196,419,18,31,0,127,495,219,0,127,533,400,25,27,0,127,25,27
1400000US25017383800,25017383800,"Census Tract 3838, Middlesex County, Massachusetts",5343,286,4752,380,14,24,17,28,294,151,0,127,186,255,80,63,12,19,68,62
1400000US25017383901,25017383901,"Census Tract 3839.01, Middlesex County, Massachusetts",8104,346,7275,368,82,70,32,63,613,320,0,127,92,124,10,18,0,127,10,18
1400000US25017383902,25017383902,"Census Tract 3839.02, Middlesex County, Massachusetts",5404,261,4724,297,122,125,0,127,433,119,0,127,86,118,39,39,0,127,39,39
1400000US25017384000,25017384000,"Census Tract 3840, Middlesex County, Massachusetts",6280,541,4951,566,312,213,10,19,651,243,0,127,249,238,107,96,0,127,107,96
1400000US25017385100,25017385100,"Census Tract 3851, Middlesex County, Massachusetts",6129,209,5342,310,240,154,0,127,322,141,0,127,91,83,134,95,20,31,114,92
1400000US25017385200,25017385200,"Census Tract 3852, Middlesex County, Massachusetts",9007,214,7348,480,101,55,19,31,773,127,0,127,606,418,160,116,9,15,151,112
1400000US25017386100,25017386100,"Census Tract 3861, Middlesex County, Massachusetts",4230,17,3988,176,0,127,0,127,215,166,0,127,11,19,16,25,16,25,0,127
1400000US25017387100,25017387100,"Census Tract 3871, Middlesex County, Massachusetts",4179,170,4091,175,0,127,0,127,57,73,0,127,0,127,31,30,0,127,31,30
1400000US25017387201,25017387201,"Census Tract 3872.01, Middlesex County, Massachusetts",5884,217,5475,304,102,90,29,31,180,144,0,127,48,63,50,61,0,127,50,61
1400000US25017387202,25017387202,"Census Tract 3872.02, Middlesex County, Massachusetts",3900,167,3677,219,37,41,0,127,106,88,0,127,46,53,34,54,0,127,34,54
1400000US25017388100,25017388100,"Census Tract 3881, Middlesex County, Massachusetts",5101,19,4255,162,28,26,20,19,673,139,0,127,7,10,118,78,29,34,89,70
1400000US25021400100,25021400100,"Census Tract 4001, Norfolk County, Massachusetts",4529,514,3607,466,84,111,0,127,469,193,0,127,204,305,165,85,0,127,165,85
1400000US25021400200,25021400200,"Census Tract 4002, Norfolk County, Massachusetts",6699,864,5341,786,204,180,0,127,786,210,0,127,279,202,89,58,28,33,61,51
1400000US25021400300,25021400300,"Census Tract 4003, Norfolk County, Massachusetts",3987,387,3187,380,106,104,0,127,602,150,0,127,26,19,66,54,0,127,66,54
1400000US25021400400,25021400400,"Census Tract 4004, Norfolk County, Massachusetts",4999,347,4103,391,14,21,0,127,793,259,0,127,13,20,76,72,0,127,76,72
1400000US25021400500,25021400500,"Census Tract 4005, Norfolk County, Massachusetts",5463,488,4447,450,181,155,43,34,709,304,0,127,19,24,64,54,23,36,41,39
1400000US25021400600,25021400600,"Census Tract 4006, Norfolk County, Massachusetts",5066,548,4110,455,58,68,0,127,568,148,0,127,81,64,249,169,20,34,229,166
1400000US25021400700,25021400700,"Census Tract 4007, Norfolk County, Massachusetts",3538,258,2811,274,106,105,24,28,416,120,0,127,74,92,107,77,0,127,107,77
1400000US25021400800,25021400800,"Census Tract 4008, Norfolk County, Massachusetts",5008,388,3561,384,93,56,0,127,995,249,0,127,281,288,78,70,0,127,78,70
1400000US25021400900,25021400900,"Census Tract 4009, Norfolk County, Massachusetts",4056,412,2703,433,149,78,0,127,1023,350,0,127,37,44,144,107,74,83,70,60
1400000US25021401000,25021401000,"Census Tract 4010, Norfolk County, Massachusetts",3137,244,2497,237,168,174,0,127,259,116,0,127,129,147,84,69,0,127,84,69
1400000US25021401100,25021401100,"Census Tract 4011, Norfolk County, Massachusetts",4018,450,3490,448,34,39,0,127,465,213,0,127,0,127,29,33,0,127,29,33
1400000US25021401200,25021401200,"Census Tract 4012, Norfolk County, Massachusetts",5666,485,4462,479,168,194,0,127,795,273,0,127,122,110,119,76,37,36,82,66
1400000US25021402101,25021402101,"Census Tract 4021.01, Norfolk County, Massachusetts",3804,227,3202,288,299,247,0,127,225,213,0,127,64,92,14,22,0,127,14,22
1400000US25021402102,25021402102,"Census Tract 4021.02, Norfolk County, Massachusetts",3940,321,3447,340,358,201,0,127,38,30,0,127,46,50,51,48,0,127,51,48
1400000US25021402200,25021402200,"Census Tract 4022, Norfolk County, Massachusetts",2173,156,2080,156,46,67,0,127,0,127,0,127,0,127,47,59,0,127,47,59
1400000US25021402300,25021402300,"Census Tract 4023, Norfolk County, Massachusetts",4938,226,4713,252,87,75,0,127,92,89,0,127,0,127,46,69,0,127,46,69
1400000US25021402400,25021402400,"Census Tract 4024, Norfolk County, Massachusetts",5466,287,5185,344,89,74,0,127,144,111,0,127,11,18,37,35,0,127,37,35
1400000US25021402500,25021402500,"Census Tract 4025, Norfolk County, Massachusetts",4040,387,3571,356,281,171,16,28,72,60,0,127,85,118,15,24,15,24,0,127
1400000US25021403100,25021403100,"Census Tract 4031, Norfolk County, Massachusetts",6909,285,6374,375,188,215,0,127,216,86,0,127,67,69,64,70,0,127,64,70
1400000US25021403200,25021403200,"Census Tract 4032, Norfolk County, Massachusetts",4231,246,3942,291,13,21,0,127,189,127,9,12,15,27,63,51,0,127,63,51
1400000US25021403300,25021403300,"Census Tract 4033, Norfolk County, Massachusetts",4091,353,3784,449,0,127,0,127,307,265,0,127,0,127,0,127,0,127,0,127
1400000US25021403400,25021403400,"Census Tract 4034, Norfolk County, Massachusetts",7778,347,6823,396,0,127,0,127,723,381,0,127,147,215,85,63,0,127,85,63
1400000US25021403500,25021403500,"Census Tract 4035, Norfolk County, Massachusetts",5772,363,5014,473,95,118,0,127,587,193,0,127,38,63,38,37,0,127,38,37
1400000US25021404100,25021404100,"Census Tract 4041, Norfolk County, Massachusetts",3449,242,2817,243,137,178,53,77,299,109,0,127,110,175,33,33,0,127,33,33
1400000US25021404201,25021404201,"Census Tract 4042.01, Norfolk County, Massachusetts",3248,212,3153,223,8,12,0,127,59,50,0,127,18,34,10,16,0,127,10,16
1400000US25021404202,25021404202,"Census Tract 4042.02, Norfolk County, Massachusetts",5358,767,4297,517,165,104,0,127,743,359,0,127,57,72,96,101,0,127,96,101
1400000US25021404301,25021404301,"Census Tract 4043.01, Norfolk County, Massachusetts",4878,318,4190,422,24,23,0,127,631,284,0,127,7,12,26,44,0,127,26,44
1400000US25021404302,25021404302,"Census Tract 4043.02, Norfolk County, Massachusetts",2937,244,2609,275,0,127,0,127,151,98,0,127,148,148,29,47,8,13,21,34
1400000US25021404400,25021404400,"Census Tract 4044, Norfolk County, Massachusetts",7119,482,5307,455,117,77,0,127,1274,287,0,127,107,67,314,141,17,27,297,137
1400000US25021405100,25021405100,"Census Tract 4051, Norfolk County, Massachusetts",5694,62,5112,216,42,54,0,127,278,119,0,127,94,116,168,97,0,127,168,97
1400000US25021406101,25021406101,"Census Tract 4061.01, Norfolk County, Massachusetts",5825,262,5502,256,52,67,21,34,161,99,0,127,24,28,65,57,38,41,27,35
1400000US25021406102,25021406102,"Census Tract 4061.02, Norfolk County, Massachusetts",6350,263,6111,279,0,127,0,127,90,77,0,127,0,127,149,142,29,47,120,119
1400000US25021407100,25021407100,"Census Tract 4071, Norfolk County, Massachusetts",7964,18,7649,171,0,127,0,127,132,115,0,127,39,33,144,85,26,39,118,77
1400000US25021408101,25021408101,"Census Tract 4081.01, Norfolk County, Massachusetts",8052,272,7812,319,0,127,0,127,129,116,0,127,36,63,75,68,0,127,75,68
1400000US25021408102,25021408102,"Census Tract 4081.02, Norfolk County, Massachusetts",4715,259,4385,312,112,107,0,127,124,133,0,127,0,127,94,118,55,69,39,50
1400000US25021409101,25021409101,"Census Tract 4091.01, Norfolk County, Massachusetts",6427,707,5060,317,639,265,24,28,93,66,3,3,313,118,295,250,45,36,250,250
1400000US25021409102,25021409102,"Census Tract 4091.02, Norfolk County, Massachusetts",4557,706,4470,694,0,127,0,127,68,74,0,127,9,13,10,17,0,127,10,17
1400000US25021410100,25021410100,"Census Tract 4101, Norfolk County, Massachusetts",5856,298,5749,310,27,65,0,127,29,29,0,127,0,127,51,55,0,127,51,55
1400000US25021410300,25021410300,"Census Tract 4103, Norfolk County, Massachusetts",4403,231,4341,234,11,19,0,127,36,34,0,127,0,127,15,26,0,127,15,26
1400000US25021410400,25021410400,"Census Tract 4104, Norfolk County, Massachusetts",6186,252,5679,313,113,165,0,127,298,191,0,127,32,39,64,65,22,40,42,50
1400000US25021411100,25021411100,"Census Tract 4111, Norfolk County, Massachusetts",7362,401,7100,376,174,147,5,10,26,31,0,127,30,48,27,24,0,127,27,24
1400000US25021411200,25021411200,"Census Tract 4112, Norfolk County, Massachusetts",5899,473,5579,517,9,13,0,127,182,176,0,127,129,184,0,127,0,127,0,127
1400000US25021411300,25021411300,"Census Tract 4113, Norfolk County, Massachusetts",9894,400,8982,418,650,414,0,127,155,138,0,127,68,51,39,48,6,10,33,47
1400000US25021412100,25021412100,"Census Tract 4121, Norfolk County, Massachusetts",5891,185,5532,278,23,39,0,127,196,148,0,127,0,127,140,113,0,127,140,113
1400000US25021412200,25021412200,"Census Tract 4122, Norfolk County, Massachusetts",3807,223,3665,243,13,22,0,127,81,119,6,9,12,19,30,46,0,127,30,46
1400000US25021412300,25021412300,"Census Tract 4123, Norfolk County, Massachusetts",4258,196,4001,248,51,82,0,127,135,129,0,127,20,31,51,69,0,127,51,69
1400000US25021413100,25021413100,"Census Tract 4131, Norfolk County, Massachusetts",5602,372,5010,388,174,130,0,127,288,291,0,127,80,92,50,52,0,127,50,52
1400000US25021413200,25021413200,"Census Tract 4132, Norfolk County, Massachusetts",6152,433,5407,481,368,260,0,127,113,89,0,127,143,113,121,127,13,21,108,124
1400000US25021413300,25021413300,"Census Tract 4133, Norfolk County, Massachusetts",4787,238,4254,301,174,119,0,127,226,158,0,127,107,124,26,44,0,127,26,44
1400000US25021413400,25021413400,"Census Tract 4134, Norfolk County, Massachusetts",7512,451,5834,433,233,157,0,127,847,281,0,127,399,292,199,176,7,14,192,173
1400000US25021413500,25021413500,"Census Tract 4135, Norfolk County, Massachusetts",4289,427,3467,391,95,80,0,127,136,94,0,127,553,353,38,52,25,39,13,20
1400000US25021414100,25021414100,"Census Tract 4141, Norfolk County, Massachusetts",5458,279,4130,289,443,265,0,127,681,153,101,148,0,127,103,109,0,127,103,109
1400000US25021414200,25021414200,"Census Tract 4142, Norfolk County, Massachusetts",7435,243,6594,343,95,98,0,127,746,330,0,127,0,127,0,127,0,127,0,127
1400000US25021414300,25021414300,"Census Tract 4143, Norfolk County, Massachusetts",4472,264,4053,297,66,67,0,127,151,101,0,127,35,43,167,102,31,32,136,93
1400000US25021415101,25021415101,"Census Tract 4151.01, Norfolk County, Massachusetts",4362,301,4094,320,16,25,33,37,181,99,0,127,8,13,30,27,0,127,30,27
1400000US25021415102,25021415102,"Census Tract 4151.02, Norfolk County, Massachusetts",7512,404,5879,479,927,448,0,127,449,222,0,127,144,121,113,112,0,127,113,112
1400000US25021415200,25021415200,"Census Tract 4152, Norfolk County, Massachusetts",6148,619,5363,655,411,160,0,127,271,111,0,127,0,127,103,98,0,127,103,98
1400000US25021415300,25021415300,"Census Tract 4153, Norfolk County, Massachusetts",3843,265,3683,296,23,31,0,127,137,142,0,127,0,127,0,127,0,127,0,127
1400000US25021416100,25021416100,"Census Tract 4161, Norfolk County, Massachusetts",8715,482,7760,523,290,184,0,127,615,227,0,127,40,53,10,18,0,127,10,18
1400000US25021416200,25021416200,"Census Tract 4162, Norfolk County, Massachusetts",6843,427,4532,624,1826,539,0,127,293,100,0,127,16,28,176,113,21,33,155,111
1400000US25021416300,25021416300,"Census Tract 4163, Norfolk County, Massachusetts",4917,363,3815,394,743,195,0,127,224,212,0,127,5,9,130,85,22,26,108,81
1400000US25021416400,25021416400,"Census Tract 4164, Norfolk County, Massachusetts",5845,342,5594,357,98,103,0,127,153,63,0,127,0,127,0,127,0,127,0,127
1400000US25021417100,25021417100,"Census Tract 4171, Norfolk County, Massachusetts",4724,323,3476,319,45,66,0,127,1160,315,0,127,0,127,43,43,0,127,43,43
1400000US25021417200,25021417200,"Census Tract 4172, Norfolk County, Massachusetts",8031,560,4248,490,242,143,0,127,3351,554,0,127,139,123,51,51,0,127,51,51
1400000US25021417300,25021417300,"Census Tract 4173, Norfolk County, Massachusetts",2152,282,1677,213,60,62,0,127,415,211,0,127,0,127,0,127,0,127,0,127
1400000US25021417400,25021417400,"Census Tract 4174, Norfolk County, Massachusetts",2666,289,2499,315,7,10,0,127,129,123,0,127,31,38,0,127,0,127,0,127
1400000US25021417501,25021417501,"Census Tract 4175.01, Norfolk County, Massachusetts",5152,526,3370,453,0,127,0,127,1666,511,0,127,0,127,116,75,0,127,116,75
1400000US25021417502,25021417502,"Census Tract 4175.02, Norfolk County, Massachusetts",4203,352,2404,283,115,81,29,36,1611,256,0,127,30,42,14,21,14,21,0,127
1400000US25021417601,25021417601,"Census Tract 4176.01, Norfolk County, Massachusetts",5778,340,3888,376,99,84,9,15,1350,295,0,127,280,240,152,168,15,24,137,171
1400000US25021417602,25021417602,"Census Tract 4176.02, Norfolk County, Massachusetts",4860,387,3793,435,44,51,23,36,933,241,0,127,47,47,20,32,0,127,20,32
1400000US25021417700,25021417700,"Census Tract 4177, Norfolk County, Massachusetts",8625,630,6970,597,497,275,0,127,972,303,0,127,63,62,123,105,23,29,100,93
1400000US25021417801,25021417801,"Census Tract 4178.01, Norfolk County, Massachusetts",5286,312,5087,292,46,74,68,66,85,73,0,127,0,127,0,127,0,127,0,127
1400000US25021417802,25021417802,"Census Tract 4178.02, Norfolk County, Massachusetts",3386,266,1863,322,382,291,0,127,980,226,0,127,11,16,150,131,0,127,150,131
1400000US25021417901,25021417901,"Census Tract 4179.01, Norfolk County, Massachusetts",5142,410,3704,430,384,171,0,127,878,125,0,127,115,101,61,79,19,30,42,52
1400000US25021417902,25021417902,"Census Tract 4179.02, Norfolk County, Massachusetts",3256,374,2498,367,106,116,0,127,538,139,0,127,0,127,114,87,0,127,114,87
1400000US25021418001,25021418001,"Census Tract 4180.01, Norfolk County, Massachusetts",5902,444,4434,438,242,148,0,127,1063,284,39,96,35,40,89,81,33,43,56,67
1400000US25021418002,25021418002,"Census Tract 4180.02, Norfolk County, Massachusetts",6781,453,4676,457,239,162,0,127,1726,335,0,127,115,140,25,30,0,127,25,30
1400000US25021418100,25021418100,"Census Tract 4181, Norfolk County, Massachusetts",7760,607,5704,482,455,379,37,45,1366,345,0,127,140,127,58,47,15,23,43,40
1400000US25021418200,25021418200,"Census Tract 4182, Norfolk County, Massachusetts",6269,509,4953,502,367,236,0,127,841,148,0,127,0,127,108,89,0,127,108,89
1400000US25021419100,25021419100,"Census Tract 4191, Norfolk County, Massachusetts",6446,489,6074,524,44,52,0,127,328,160,0,127,0,127,0,127,0,127,0,127
1400000US25021419200,25021419200,"Census Tract 4192, Norfolk County, Massachusetts",4920,289,4502,381,0,127,0,127,385,352,0,127,0,127,33,40,0,127,33,40
1400000US25021419300,25021419300,"Census Tract 4193, Norfolk County, Massachusetts",3394,280,2816,221,229,184,0,127,349,106,0,127,0,127,0,127,0,127,0,127
1400000US25021419400,25021419400,"Census Tract 4194, Norfolk County, Massachusetts",3048,286,2662,296,128,125,19,30,173,131,0,127,0,127,66,73,8,15,58,73
1400000US25021419500,25021419500,"Census Tract 4195, Norfolk County, Massachusetts",3122,350,2751,384,47,74,0,127,255,156,0,127,42,61,27,46,0,127,27,46
1400000US25021419600,25021419600,"Census Tract 4196, Norfolk County, Massachusetts",5888,248,5374,272,15,18,0,127,499,107,0,127,0,127,0,127,0,127,0,127
1400000US25021419700,25021419700,"Census Tract 4197, Norfolk County, Massachusetts",4214,323,3745,344,130,133,0,127,317,120,0,127,22,35,0,127,0,127,0,127
1400000US25021419800,25021419800,"Census Tract 4198, Norfolk County, Massachusetts",3594,291,3173,326,16,26,0,127,255,149,0,127,119,109,31,38,0,127,31,38
1400000US25021420100,25021420100,"Census Tract 4201, Norfolk County, Massachusetts",7235,421,3972,477,2002,356,21,33,998,308,0,127,151,154,91,93,10,16,81,91
1400000US25021420201,25021420201,"Census Tract 4202.01, Norfolk County, Massachusetts",3376,251,1481,251,1402,357,0,127,432,127,0,127,25,37,36,35,0,127,36,35
1400000US25021420202,25021420202,"Census Tract 4202.02, Norfolk County, Massachusetts",5592,390,2508,274,2309,390,68,110,563,163,0,127,103,86,41,41,9,16,32,37
1400000US25021420301,25021420301,"Census Tract 4203.01, Norfolk County, Massachusetts",6928,398,3492,522,2479,458,0,127,650,273,0,127,163,181,144,101,15,24,129,99
1400000US25021420302,25021420302,"Census Tract 4203.02, Norfolk County, Massachusetts",7260,342,3398,349,2630,348,0,127,908,186,0,127,260,121,64,68,39,62,25,28
1400000US25021421100,25021421100,"Census Tract 4211, Norfolk County, Massachusetts",4899,246,4602,318,231,216,0,127,0,127,0,127,0,127,66,70,0,127,66,70
1400000US25021421200,25021421200,"Census Tract 4212, Norfolk County, Massachusetts",5838,241,4946,565,657,428,0,127,207,313,0,127,21,35,7,13,7,13,0,127
1400000US25021422100,25021422100,"Census Tract 4221, Norfolk County, Massachusetts",5155,341,4714,357,118,130,0,127,246,274,0,127,40,41,37,38,0,127,37,38
1400000US25021422200,25021422200,"Census Tract 4222, Norfolk County, Massachusetts",7114,532,6525,512,42,70,0,127,227,217,0,127,257,241,63,57,0,127,63,57
1400000US25021422301,25021422301,"Census Tract 4223.01, Norfolk County, Massachusetts",2892,170,2660,230,0,127,0,127,187,191,0,127,27,45,18,21,9,15,9,16
1400000US25021422302,25021422302,"Census Tract 4223.02, Norfolk County, Massachusetts",6401,428,5441,389,528,282,0,127,353,101,0,127,65,88,14,22,0,127,14,22
1400000US25021422400,25021422400,"Census Tract 4224, Norfolk County, Massachusetts",7959,358,7154,360,428,249,0,127,299,124,0,127,36,59,42,66,0,127,42,66
1400000US25021422501,25021422501,"Census Tract 4225.01, Norfolk County, Massachusetts",4903,426,4495,469,276,195,0,127,90,95,0,127,0,127,42,52,0,127,42,52
1400000US25021422502,25021422502,"Census Tract 4225.02, Norfolk County, Massachusetts",5249,404,4939,433,216,209,19,30,39,54,0,127,0,127,36,40,0,127,36,40
1400000US25021422600,25021422600,"Census Tract 4226, Norfolk County, Massachusetts",6373,326,6038,360,33,39,20,32,198,189,0,127,20,33,64,62,43,53,21,32
1400000US25021422700,25021422700,"Census Tract 4227, Norfolk County, Massachusetts",3745,269,3484,306,64,64,0,127,110,110,0,127,0,127,87,96,18,20,69,91
1400000US25021422800,25021422800,"Census Tract 4228, Norfolk County, Massachusetts",3759,380,3661,371,0,127,0,127,86,90,0,127,0,127,12,19,12,19,0,127
1400000US25021423100,25021423100,"Census Tract 4231, Norfolk County, Massachusetts",7323,18,7039,182,11,18,0,127,179,157,0,127,0,127,94,86,0,127,94,86
1400000US25021440100,25021440100,"Census Tract 4401, Norfolk County, Massachusetts",8120,53,7709,200,136,110,14,23,147,112,0,127,114,125,0,127,0,127,0,127
1400000US25021441201,25021441201,"Census Tract 4412.01, Norfolk County, Massachusetts",8452,195,8192,281,191,218,0,127,34,54,0,127,0,127,35,57,0,127,35,57
1400000US25021441202,25021441202,"Census Tract 4412.02, Norfolk County, Massachusetts",2701,193,2665,200,27,36,0,127,0,127,0,127,0,127,9,15,0,127,9,15
1400000US25021442101,25021442101,"Census Tract 4421.01, Norfolk County, Massachusetts",5587,371,5277,359,162,136,28,45,120,94,0,127,0,127,0,127,0,127,0,127
1400000US25021442102,25021442102,"Census Tract 4421.02, Norfolk County, Massachusetts",7168,247,6805,319,55,65,0,127,248,184,0,127,0,127,60,93,0,127,60,93
1400000US25021442103,25021442103,"Census Tract 4421.03, Norfolk County, Massachusetts",6753,247,6344,265,0,127,9,19,333,95,0,127,0,127,67,62,0,127,67,62
1400000US25021442200,25021442200,"Census Tract 4422, Norfolk County, Massachusetts",11739,311,10982,461,79,75,0,127,408,296,0,127,122,180,148,120,0,127,148,120
1400000US25021443101,25021443101,"Census Tract 4431.01, Norfolk County, Massachusetts",7842,374,7466,416,120,151,8,12,140,133,0,127,37,48,71,51,0,127,71,51
1400000US25021443102,25021443102,"Census Tract 4431.02, Norfolk County, Massachusetts",7956,376,7581,403,130,80,16,25,82,72,0,127,31,49,116,83,15,25,101,81
1400000US25021456101,25021456101,"Census Tract 4561.01, Norfolk County, Massachusetts",3550,313,2959,371,401,249,14,21,145,82,0,127,6,16,25,28,0,127,25,28
1400000US25021456102,25021456102,"Census Tract 4561.02, Norfolk County, Massachusetts",5150,558,4478,506,528,327,0,127,144,127,0,127,0,127,0,127,0,127,0,127
1400000US25021456200,25021456200,"Census Tract 4562, Norfolk County, Massachusetts",3769,1364,3067,1141,542,332,0,127,54,53,0,127,66,96,40,48,0,127,40,48
1400000US25021456300,25021456300,"Census Tract 4563, Norfolk County, Massachusetts",6310,574,5449,563,631,250,0,127,101,71,0,127,85,103,44,43,0,127,44,43
1400000US25021456401,25021456401,"Census Tract 4564.01, Norfolk County, Massachusetts",2807,318,2496,321,204,169,0,127,66,56,0,127,0,127,41,47,0,127,41,47
1400000US25021456402,25021456402,"Census Tract 4564.02, Norfolk County, Massachusetts",5324,452,4715,468,424,204,0,127,53,60,0,127,76,75,56,42,0,127,56,42
1400000US25021457100,25021457100,"Census Tract 4571, Norfolk County, Massachusetts",4349,30,3936,213,285,162,36,109,54,62,0,127,23,27,15,18,0,127,15,18
1400000US25025000000,25025000000,"Census Tract 0, Suffolk County, Massachusetts",0,127,0,127,0,127,0,127,0,127,0,127,0,127,0,127,0,127,0,127
1400000US25025000100,25025000100,"Census Tract 1, Suffolk County, Massachusetts",3676,605,2859,605,61,58,0,127,378,142,0,127,332,315,46,62,0,127,46,62
1400000US25025000201,25025000201,"Census Tract 2.01, Suffolk County, Massachusetts",4261,540,3322,456,145,174,8,13,512,149,0,127,248,220,26,41,0,127,26,41
1400000US25025000202,25025000202,"Census Tract 2.02, Suffolk County, Massachusetts",4709,509,2954,392,209,166,0,127,917,220,0,127,612,428,17,21,0,127,17,21
1400000US25025000301,25025000301,"Census Tract 3.01, Suffolk County, Massachusetts",3222,551,2750,561,14,21,0,127,458,313,0,127,0,127,0,127,0,127,0,127
1400000US25025000302,25025000302,"Census Tract 3.02, Suffolk County, Massachusetts",3428,424,2560,457,235,187,0,127,615,193,0,127,0,127,18,28,0,127,18,28
1400000US25025000401,25025000401,"Census Tract 4.01, Suffolk County, Massachusetts",6176,545,4844,630,203,206,0,127,849,266,0,127,149,135,131,126,29,47,102,115
1400000US25025000402,25025000402,"Census Tract 4.02, Suffolk County, Massachusetts",3850,556,3493,537,27,31,0,127,297,132,0,127,33,39,0,127,0,127,0,127
1400000US25025000501,25025000501,"Census Tract 5.01, Suffolk County, Massachusetts",7104,527,5812,607,85,55,61,55,825,361,0,127,188,131,133,99,10,15,123,95
1400000US25025000502,25025000502,"Census Tract 5.02, Suffolk County, Massachusetts",3064,296,2598,279,33,52,0,127,296,138,0,127,126,119,11,18,0,127,11,18
1400000US25025000601,25025000601,"Census Tract 6.01, Suffolk County, Massachusetts",4118,603,3091,501,11,18,0,127,773,266,0,127,165,124,78,57,14,23,64,51
1400000US25025000602,25025000602,"Census Tract 6.02, Suffolk County, Massachusetts",4102,577,2349,590,630,323,39,47,775,292,17,30,129,116,163,117,44,67,119,94
1400000US25025000701,25025000701,"Census Tract 7.01, Suffolk County, Massachusetts",4948,633,3837,685,67,42,0,127,869,355,0,127,118,122,57,50,15,23,42,44
1400000US25025000702,25025000702,"Census Tract 7.02, Suffolk County, Massachusetts",6882,697,5166,770,307,205,0,127,1219,371,0,127,175,127,15,23,0,127,15,23
1400000US25025000801,25025000801,"Census Tract 8.01, Suffolk County, Massachusetts",3223,693,2181,542,160,103,18,30,576,175,17,28,227,155,44,43,0,127,44,43
1400000US25025000802,25025000802,"Census Tract 8.02, Suffolk County, Massachusetts",8211,1052,5494,969,380,267,0,127,1379,365,0,127,833,534,125,92,45,51,80,75
1400000US25025010101,25025010101,"Census Tract 101.01, Suffolk County, Massachusetts",4976,794,3592,589,299,334,0,127,893,226,19,32,48,46,125,87,0,127,125,87
1400000US25025010102,25025010102,"Census Tract 101.02, Suffolk County, Massachusetts",3557,707,2357,485,82,61,24,32,838,392,12,20,70,57,174,91,17,28,157,86
1400000US25025010201,25025010201,"Census Tract 102.01, Suffolk County, Massachusetts",6520,637,4862,522,485,169,45,33,822,205,0,127,176,107,130,60,16,26,114,68
1400000US25025010202,25025010202,"Census Tract 102.02, Suffolk County, Massachusetts",2239,392,1619,299,50,58,0,127,369,154,0,127,146,110,55,68,0,127,55,68
1400000US25025010300,25025010300,"Census Tract 103, Suffolk County, Massachusetts",7678,2304,5433,2002,732,525,38,51,393,263,0,127,815,341,267,224,35,43,232,226
1400000US25025010401,25025010401,"Census Tract 104.01, Suffolk County, Massachusetts",8080,874,6084,853,481,168,67,81,920,218,0,127,385,174,143,77,27,32,116,73
1400000US25025010402,25025010402,"Census Tract 104.02, Suffolk County, Massachusetts",5501,2268,4210,2246,588,215,0,127,492,169,0,127,163,150,48,40,0,127,48,40
1400000US25025010500,25025010500,"Census Tract 105, Suffolk County, Massachusetts",2592,219,1981,206,219,110,0,127,324,155,0,127,50,48,18,20,0,127,18,20
1400000US25025010600,25025010600,"Census Tract 106, Suffolk County, Massachusetts",3003,279,2565,274,102,79,0,127,222,124,0,127,79,106,35,29,11,17,24,25
1400000US25025010700,25025010700,"Census Tract 107, Suffolk County, Massachusetts",5314,686,4856,664,66,65,30,36,258,153,0,127,58,51,46,56,0,127,46,56
1400000US25025010800,25025010800,"Census Tract 108, Suffolk County, Massachusetts",6662,1024,6051,1014,68,73,17,26,430,227,0,127,51,60,45,33,0,127,45,33
1400000US25025020100,25025020100,"Census Tract 201, Suffolk County, Massachusetts",4722,648,4614,653,0,127,10,16,86,79,0,127,0,127,12,22,0,127,12,22
1400000US25025020200,25025020200,"Census Tract 202, Suffolk County, Massachusetts",3816,422,3514,438,22,25,29,44,187,119,0,127,26,44,38,45,0,127,38,45
1400000US25025020300,25025020300,"Census Tract 203, Suffolk County, Massachusetts",6104,838,4480,478,736,435,60,71,663,287,10,16,62,67,93,52,66,48,27,30
1400000US25025030100,25025030100,"Census Tract 301, Suffolk County, Massachusetts",1967,228,1851,204,108,146,0,127,8,12,0,127,0,127,0,127,0,127,0,127
1400000US25025030200,25025030200,"Census Tract 302, Suffolk County, Massachusetts",1578,244,1502,247,0,127,0,127,69,51,0,127,7,14,0,127,0,127,0,127
1400000US25025030300,25025030300,"Census Tract 303, Suffolk County, Massachusetts",4517,474,4107,497,82,76,0,127,150,97,0,127,54,65,124,99,17,27,107,96
1400000US25025030400,25025030400,"Census Tract 304, Suffolk County, Massachusetts",2267,219,2173,229,9,15,0,127,76,108,0,127,0,127,9,15,0,127,9,15
1400000US25025030500,25025030500,"Census Tract 305, Suffolk County, Massachusetts",2640,345,2591,348,23,34,0,127,26,24,0,127,0,127,0,127,0,127,0,127
1400000US25025040100,25025040100,"Census Tract 401, Suffolk County, Massachusetts",2555,193,2424,196,0,127,0,127,48,63,0,127,41,58,42,40,0,127,42,40
1400000US25025040200,25025040200,"Census Tract 402, Suffolk County, Massachusetts",1732,329,1443,379,289,208,0,127,0,127,0,127,0,127,0,127,0,127,0,127
1400000US25025040300,25025040300,"Census Tract 403, Suffolk County, Massachusetts",4829,395,3807,443,329,298,0,127,248,134,0,127,316,231,129,120,13,20,116,118
1400000US25025040400,25025040400,"Census Tract 404, Suffolk County, Massachusetts",2769,231,2641,232,0,127,5,9,0,127,0,127,0,127,123,79,64,57,59,60
1400000US25025040600,25025040600,"Census Tract 406, Suffolk County, Massachusetts",2689,334,2612,337,20,32,0,127,57,89,0,127,0,127,0,127,0,127,0,127
1400000US25025040800,25025040800,"Census Tract 408, Suffolk County, Massachusetts",3662,439,2077,348,459,267,25,38,838,216,0,127,191,165,72,73,11,16,61,73
1400000US25025050100,25025050100,"Census Tract 501, Suffolk County, Massachusetts",5537,675,3759,633,114,88,11,15,282,193,0,127,531,382,840,440,53,67,787,434
1400000US25025050200,25025050200,"Census Tract 502, Suffolk County, Massachusetts",5730,735,3965,762,177,100,0,127,100,102,0,127,787,352,701,324,66,60,635,325
1400000US25025050300,25025050300,"Census Tract 503, Suffolk County, Massachusetts",1652,288,755,242,315,158,0,127,255,165,0,127,282,197,45,58,0,127,45,58
1400000US25025050400,25025050400,"Census Tract 504, Suffolk County, Massachusetts",2709,529,2084,544,0,127,0,127,100,125,0,127,82,75,443,334,6,10,437,334
1400000US25025050500,25025050500,"Census Tract 505, Suffolk County, Massachusetts",2028,341,1421,437,16,19,0,127,24,42,0,127,34,41,533,387,0,127,533,387
1400000US25025050600,25025050600,"Census Tract 506, Suffolk County, Massachusetts",2050,404,1433,458,102,80,9,14,0,127,0,127,76,116,430,299,0,127,430,299
1400000US25025050700,25025050700,"Census Tract 507, Suffolk County, Massachusetts",5182,634,3466,603,25,28,0,127,0,127,0,127,947,461,744,370,0,127,744,370
1400000US25025050900,25025050900,"Census Tract 509, Suffolk County, Massachusetts",4429,597,2759,651,131,147,23,32,104,157,0,127,933,487,479,280,0,127,479,280
1400000US25025051000,25025051000,"Census Tract 510, Suffolk County, Massachusetts",4332,482,3811,480,120,89,0,127,40,44,0,127,216,249,145,131,51,59,94,113
1400000US25025051100,25025051100,"Census Tract 511, Suffolk County, Massachusetts",6995,902,5567,886,417,274,7,12,248,168,0,127,173,170,583,414,28,45,555,411
1400000US25025051200,25025051200,"Census Tract 512, Suffolk County, Massachusetts",3170,511,2406,438,15,20,0,127,79,70,0,127,214,223,456,369,0,127,456,369
1400000US25025060100,25025060100,"Census Tract 601, Suffolk County, Massachusetts",3460,325,3430,331,22,35,8,13,0,127,0,127,0,127,0,127,0,127,0,127
1400000US25025060200,25025060200,"Census Tract 602, Suffolk County, Massachusetts",2521,400,2467,419,0,127,0,127,0,127,0,127,30,36,24,36,0,127,24,36
1400000US25025060300,25025060300,"Census Tract 603, Suffolk County, Massachusetts",3358,423,3293,434,8,13,0,127,57,68,0,127,0,127,0,127,0,127,0,127
1400000US25025060400,25025060400,"Census Tract 604, Suffolk County, Massachusetts",5540,560,5454,563,10,17,0,127,16,27,0,127,60,93,0,127,0,127,0,127
1400000US25025060500,25025060500,"Census Tract 605, Suffolk County, Massachusetts",3832,415,3579,430,0,127,0,127,201,132,0,127,43,67,9,15,0,127,9,15
1400000US25025060600,25025060600,"Census Tract 606, Suffolk County, Massachusetts",2215,278,2011,286,67,77,0,127,111,68,0,127,0,127,26,29,0,127,26,29
1400000US25025060700,25025060700,"Census Tract 607, Suffolk County, Massachusetts",1694,261,489,142,499,296,21,32,59,73,0,127,626,271,0,127,0,127,0,127
1400000US25025060800,25025060800,"Census Tract 608, Suffolk County, Massachusetts",4096,496,3782,440,44,43,23,30,224,154,0,127,9,14,14,21,0,127,14,21
1400000US25025061000,25025061000,"Census Tract 610, Suffolk County, Massachusetts",3292,321,1849,336,322,237,42,64,370,149,25,31,674,261,10,16,0,127,10,16
1400000US25025061100,25025061100,"Census Tract 611, Suffolk County, Massachusetts",2168,354,1005,236,534,303,20,21,361,157,0,127,239,147,9,16,9,16,0,127
1400000US25025061200,25025061200,"Census Tract 612, Suffolk County, Massachusetts",3176,320,2937,341,64,58,10,16,116,105,0,127,25,33,24,28,0,127,24,28
1400000US25025070100,25025070100,"Census Tract 701, Suffolk County, Massachusetts",4170,548,2633,509,200,108,31,36,1273,225,0,127,33,54,0,127,0,127,0,127
1400000US25025070200,25025070200,"Census Tract 702, Suffolk County, Massachusetts",4685,656,1284,494,107,92,21,23,3086,362,0,127,89,108,98,83,0,127,98,83
1400000US25025070300,25025070300,"Census Tract 703, Suffolk County, Massachusetts",4434,528,3588,483,197,188,0,127,563,287,0,127,71,71,15,27,0,127,15,27
1400000US25025070400,25025070400,"Census Tract 704, Suffolk County, Massachusetts",1851,262,106,70,383,160,0,127,1273,240,0,127,64,65,25,37,25,37,0,127
1400000US25025070500,25025070500,"Census Tract 705, Suffolk County, Massachusetts",7928,1249,5274,892,598,451,13,22,1527,573,0,127,487,305,29,38,13,21,16,30
1400000US25025070600,25025070600,"Census Tract 706, Suffolk County, Massachusetts",2393,283,2028,276,93,72,0,127,58,53,0,127,163,223,51,57,0,127,51,57
1400000US25025070700,25025070700,"Census Tract 707, Suffolk County, Massachusetts",2515,285,1365,308,706,126,43,57,209,112,12,21,180,154,0,127,0,127,0,127
1400000US25025070800,25025070800,"Census Tract 708, Suffolk County, Massachusetts",3698,412,2337,371,859,216,10,18,190,164,0,127,234,254,68,59,0,127,68,59
1400000US25025070900,25025070900,"Census Tract 709, Suffolk County, Massachusetts",3198,388,1701,341,675,223,14,23,145,83,0,127,601,436,62,55,10,18,52,52
1400000US25025071100,25025071100,"Census Tract 711, Suffolk County, Massachusetts",4174,606,2567,505,665,228,0,127,599,182,0,127,246,174,97,68,0,127,97,68
1400000US25025071200,25025071200,"Census Tract 712, Suffolk County, Massachusetts",3027,384,1284,241,641,268,10,16,492,210,0,127,585,253,15,25,0,127,15,25
1400000US25025080100,25025080100,"Census Tract 801, Suffolk County, Massachusetts",3166,430,691,214,1820,370,69,102,169,193,0,127,383,157,34,43,14,29,20,27
1400000US25025080300,25025080300,"Census Tract 803, Suffolk County, Massachusetts",2128,370,212,144,1640,382,0,127,0,127,0,127,192,91,84,64,35,38,49,51
1400000US25025080400,25025080400,"Census Tract 804, Suffolk County, Massachusetts",1334,338,426,331,610,220,0,127,113,126,0,127,135,97,50,65,9,18,41,62
1400000US25025080500,25025080500,"Census Tract 805, Suffolk County, Massachusetts",4362,434,825,297,2571,378,72,68,74,119,0,127,688,335,132,89,42,43,90,66
1400000US25025080600,25025080600,"Census Tract 806, Suffolk County, Massachusetts",2608,407,796,341,1267,342,0,127,342,300,0,127,162,162,41,66,41,66,0,127
1400000US25025080800,25025080800,"Census Tract 808, Suffolk County, Massachusetts",1487,248,200,133,590,228,0,127,324,109,0,127,338,136,35,57,35,57,0,127
1400000US25025080900,25025080900,"Census Tract 809, Suffolk County, Massachusetts",2873,445,1825,453,239,122,0,127,499,173,0,127,179,107,131,88,0,127,131,88
1400000US25025081000,25025081000,"Census Tract 810, Suffolk County, Massachusetts",5026,639,2373,455,771,327,0,127,924,249,0,127,858,396,100,76,63,60,37,43
1400000US25025081100,25025081100,"Census Tract 811, Suffolk County, Massachusetts",3815,427,2102,311,821,228,30,32,503,196,0,127,263,203,96,71,24,29,72,70
1400000US25025081200,25025081200,"Census Tract 812, Suffolk County, Massachusetts",3273,481,795,295,1615,494,58,79,0,127,0,127,581,275,224,183,37,31,187,186
1400000US25025081300,25025081300,"Census Tract 813, Suffolk County, Massachusetts",4901,674,843,269,2304,637,0,127,241,257,0,127,1317,461,196,180,38,41,158,181
1400000US25025081400,25025081400,"Census Tract 814, Suffolk County, Massachusetts",2838,608,857,212,1627,455,0,127,13,20,0,127,204,202,137,88,74,68,63,57
1400000US25025081500,25025081500,"Census Tract 815, Suffolk County, Massachusetts",1835,369,227,139,1322,435,0,127,0,127,0,127,144,117,142,134,21,35,121,128
1400000US25025081700,25025081700,"Census Tract 817, Suffolk County, Massachusetts",3225,379,92,84,2726,343,0,127,91,98,0,127,225,150,91,88,12,21,79,87
1400000US25025081800,25025081800,"Census Tract 818, Suffolk County, Massachusetts",3000,607,234,127,2013,579,29,36,151,151,0,127,461,240,112,86,76,69,36,50
1400000US25025081900,25025081900,"Census Tract 819, Suffolk County, Massachusetts",2521,453,146,105,1738,380,0,127,0,127,0,127,564,359,73,94,24,38,49,60
1400000US25025082000,25025082000,"Census Tract 820, Suffolk County, Massachusetts",2728,410,98,76,2393,468,0,127,0,127,0,127,197,147,40,44,3,9,37,43
1400000US25025082100,25025082100,"Census Tract 821, Suffolk County, Massachusetts",4795,471,297,144,3500,548,14,23,0,127,11,19,766,307,207,159,123,113,84,75
1400000US25025090100,25025090100,"Census Tract 901, Suffolk County, Massachusetts",4375,514,152,106,3260,485,22,32,0,127,0,127,778,327,163,170,85,130,78,111
1400000US25025090200,25025090200,"Census Tract 902, Suffolk County, Massachusetts",2142,530,0,127,1615,404,0,127,0,127,0,127,527,312,0,127,0,127,0,127
1400000US25025090300,25025090300,"Census Tract 903, Suffolk County, Massachusetts",2419,404,193,193,1515,385,0,127,0,127,0,127,692,281,19,26,0,127,19,26
1400000US25025090400,25025090400,"Census Tract 904, Suffolk County, Massachusetts",3971,489,126,141,2765,542,0,127,55,91,0,127,998,424,27,32,20,30,7,12
1400000US25025090600,25025090600,"Census Tract 906, Suffolk County, Massachusetts",1890,359,133,102,862,332,0,127,8,14,0,127,836,341,51,79,51,79,0,127
1400000US25025090700,25025090700,"Census Tract 907, Suffolk County, Massachusetts",4779,544,3666,723,132,97,0,127,496,252,0,127,363,394,122,145,69,114,53,88
1400000US25025090900,25025090900,"Census Tract 909, Suffolk County, Massachusetts",3716,404,1298,371,1214,440,39,50,514,233,0,127,552,283,99,68,58,60,41,36
1400000US25025091000,25025091000,"Census Tract 910, Suffolk County, Massachusetts",2733,308,2118,272,165,120,7,12,390,187,0,127,53,57,0,127,0,127,0,127
1400000US25025091100,25025091100,"Census Tract 911, Suffolk County, Massachusetts",5137,475,3024,400,642,202,0,127,1169,332,28,43,225,204,49,46,17,26,32,37
1400000US25025091200,25025091200,"Census Tract 912, Suffolk County, Massachusetts",3097,451,1545,418,560,287,0,127,299,327,0,127,657,288,36,57,3,7,33,56
1400000US25025091300,25025091300,"Census Tract 913, Suffolk County, Massachusetts",2043,397,161,87,797,246,118,155,69,101,0,127,784,380,114,117,105,115,9,16
1400000US25025091400,25025091400,"Census Tract 914, Suffolk County, Massachusetts",2306,401,483,293,1323,338,18,30,49,76,0,127,374,174,59,70,31,52,28,46
1400000US25025091500,25025091500,"Census Tract 915, Suffolk County, Massachusetts",5219,624,741,327,2497,525,0,127,169,151,0,127,1724,587,88,105,70,100,18,30
1400000US25025091600,25025091600,"Census Tract 916, Suffolk County, Massachusetts",3341,397,395,146,1251,319,12,18,1104,396,0,127,403,330,176,131,39,42,137,138
1400000US25025091700,25025091700,"Census Tract 917, Suffolk County, Massachusetts",2727,429,347,265,1090,299,0,127,26,53,0,127,1072,411,192,186,24,36,168,184
1400000US25025091800,25025091800,"Census Tract 918, Suffolk County, Massachusetts",2854,441,157,252,1766,486,91,128,26,46,0,127,712,272,102,95,58,63,44,85
1400000US25025091900,25025091900,"Census Tract 919, Suffolk County, Massachusetts",3658,408,306,182,2594,457,0,127,0,127,0,127,490,263,268,194,47,78,221,182
1400000US25025092000,25025092000,"Census Tract 920, Suffolk County, Massachusetts",4783,546,497,215,2951,457,17,28,471,267,7,12,745,326,95,131,13,21,82,130
1400000US25025092100,25025092100,"Census Tract 921, Suffolk County, Massachusetts",6585,731,2744,575,1156,300,0,127,2209,567,0,127,333,229,143,107,40,60,103,88
1400000US25025092200,25025092200,"Census Tract 922, Suffolk County, Massachusetts",3164,436,1170,381,1107,244,75,116,153,138,0,127,607,226,52,70,0,127,52,70
1400000US25025092300,25025092300,"Census Tract 923, Suffolk County, Massachusetts",2682,430,10,17,2188,450,0,127,10,15,0,127,462,309,12,19,0,127,12,19
1400000US25025092400,25025092400,"Census Tract 924, Suffolk County, Massachusetts",5428,729,727,494,3490,710,63,100,119,192,0,127,961,482,68,44,0,127,68,44
1400000US25025100100,25025100100,"Census Tract 1001, Suffolk County, Massachusetts",5557,625,368,201,3455,496,72,75,30,49,0,127,1499,519,133,127,65,105,68,80
1400000US25025100200,25025100200,"Census Tract 1002, Suffolk County, Massachusetts",3316,567,246,174,2866,616,17,22,0,127,0,127,156,112,31,35,0,127,31,35
1400000US25025100300,25025100300,"Census Tract 1003, Suffolk County, Massachusetts",4563,1105,258,196,2727,654,0,127,0,127,0,127,1443,1537,135,155,99,154,36,32
1400000US25025100400,25025100400,"Census Tract 1004, Suffolk County, Massachusetts",5079,759,1021,449,3481,605,0,127,352,261,0,127,217,231,8,17,0,127,8,17
1400000US25025100500,25025100500,"Census Tract 1005, Suffolk County, Massachusetts",5718,703,979,339,3559,685,49,76,296,186,0,127,579,353,256,193,12,19,244,194
1400000US25025100601,25025100601,"Census Tract 1006.01, Suffolk County, Massachusetts",5467,953,3034,850,1458,373,34,36,524,253,0,127,206,172,211,183,6,12,205,182
1400000US25025100602,25025100602,"Census Tract 1006.02, Suffolk County, Massachusetts",2279,390,1659,338,282,164,0,127,209,176,0,127,31,38,98,86,89,85,9,15
1400000US25025100700,25025100700,"Census Tract 1007, Suffolk County, Massachusetts",4986,462,4777,477,104,77,0,127,0,127,0,127,82,101,23,27,0,127,23,27
1400000US25025100800,25025100800,"Census Tract 1008, Suffolk County, Massachusetts",5935,665,3645,569,1536,411,0,127,426,137,0,127,240,224,88,109,0,127,88,109
1400000US25025100900,25025100900,"Census Tract 1009, Suffolk County, Massachusetts",4917,478,1280,310,2719,384,0,127,786,326,0,127,39,35,93,71,43,50,50,36
1400000US25025101001,25025101001,"Census Tract 1010.01, Suffolk County, Massachusetts",5966,459,295,175,5284,512,0,127,16,26,0,127,272,212,99,75,26,43,73,63
1400000US25025101002,25025101002,"Census Tract 1010.02, Suffolk County, Massachusetts",5512,916,557,326,4475,830,0,127,0,127,81,119,307,208,92,71,0,127,92,71
1400000US25025101101,25025101101,"Census Tract 1011.01, Suffolk County, Massachusetts",3182,397,127,135,2941,399,0,127,51,83,0,127,35,60,28,31,10,15,18,27
1400000US25025101102,25025101102,"Census Tract 1011.02, Suffolk County, Massachusetts",3657,525,80,116,3388,513,0,127,0,127,0,127,167,154,22,37,0,127,22,37
1400000US25025110100,25025110100,"Census Tract 1101, Suffolk County, Massachusetts",6998,891,3966,685,965,312,439,307,612,405,0,127,857,497,159,129,0,127,159,129
1400000US25025110200,25025110200,"Census Tract 1102, Suffolk County, Massachusetts",2158,190,934,219,781,225,0,127,38,63,0,127,290,136,115,91,0,127,115,91
1400000US25025110300,25025110300,"Census Tract 1103, Suffolk County, Massachusetts",2706,413,1608,291,427,137,0,127,39,37,0,127,352,206,280,230,230,225,50,45
1400000US25025110401,25025110401,"Census Tract 1104.01, Suffolk County, Massachusetts",3697,443,1877,467,768,267,0,127,57,86,0,127,928,378,67,68,0,127,67,68
1400000US25025110402,25025110402,"Census Tract 1104.02, Suffolk County, Massachusetts",4496,522,2664,450,1123,403,24,30,107,141,0,127,553,282,25,26,9,15,16,20
1400000US25025110501,25025110501,"Census Tract 1105.01, Suffolk County, Massachusetts",3840,416,3393,470,150,158,0,127,46,37,0,127,48,49,203,176,0,127,203,176
1400000US25025110502,25025110502,"Census Tract 1105.02, Suffolk County, Massachusetts",3925,423,2982,452,615,235,0,127,127,140,0,127,201,123,0,127,0,127,0,127
1400000US25025110601,25025110601,"Census Tract 1106.01, Suffolk County, Massachusetts",3003,632,2771,530,81,120,0,127,30,37,0,127,0,127,121,97,7,11,114,94
1400000US25025110602,25025110602,"Census Tract 1106.02, Suffolk County, Massachusetts",6212,622,5468,670,247,168,9,14,38,64,0,127,236,210,214,138,87,107,127,97
1400000US25025120101,25025120101,"Census Tract 1201.01, Suffolk County, Massachusetts",2541,327,1806,369,257,140,0,127,216,164,0,127,186,120,76,58,25,37,51,45
1400000US25025120102,25025120102,"Census Tract 1201.02, Suffolk County, Massachusetts",4112,488,3483,448,347,177,0,127,183,143,0,127,32,51,67,55,0,127,67,55
1400000US25025120200,25025120200,"Census Tract 1202, Suffolk County, Massachusetts",3702,379,2713,416,533,249,55,56,63,40,0,127,276,164,62,63,29,52,33,41
1400000US25025120300,25025120300,"Census Tract 1203, Suffolk County, Massachusetts",4492,488,2288,398,1089,325,0,127,196,127,0,127,472,283,447,412,170,181,277,293
1400000US25025120400,25025120400,"Census Tract 1204, Suffolk County, Massachusetts",6144,638,4849,604,327,106,70,83,416,200,0,127,294,198,188,108,0,127,188,108
1400000US25025120500,25025120500,"Census Tract 1205, Suffolk County, Massachusetts",2386,398,1024,271,138,107,0,127,84,61,0,127,1014,377,126,73,34,38,92,61
1400000US25025120600,25025120600,"Census Tract 1206, Suffolk County, Massachusetts",2685,340,2167,336,26,28,0,127,233,124,0,127,227,152,32,32,0,127,32,32
1400000US25025120700,25025120700,"Census Tract 1207, Suffolk County, Massachusetts",2224,260,1751,287,132,110,12,21,181,119,0,127,109,97,39,33,0,127,39,33
1400000US25025130100,25025130100,"Census Tract 1301, Suffolk County, Massachusetts",5419,396,4718,469,145,164,0,127,387,286,0,127,161,168,8,12,0,127,8,12
1400000US25025130200,25025130200,"Census Tract 1302, Suffolk County, Massachusetts",5294,497,4803,466,270,258,7,12,146,99,0,127,11,18,57,77,0,127,57,77
1400000US25025130300,25025130300,"Census Tract 1303, Suffolk County, Massachusetts",5003,402,4136,425,96,107,0,127,410,236,0,127,252,360,109,99,5,8,104,101
1400000US25025130401,25025130401,"Census Tract 1304.01, Suffolk County, Massachusetts",8210,675,4282,668,2502,458,0,127,536,178,0,127,783,377,107,79,27,31,80,74
1400000US25025130402,25025130402,"Census Tract 1304.02, Suffolk County, Massachusetts",4882,501,4594,453,42,48,0,127,74,63,0,127,48,68,124,95,31,40,93,97
1400000US25025140102,25025140102,"Census Tract 1401.02, Suffolk County, Massachusetts",4332,434,1692,378,1813,437,0,127,43,42,0,127,748,458,36,43,0,127,36,43
1400000US25025140103,25025140103,"Census Tract 1401.03, Suffolk County, Massachusetts",3659,410,1798,339,1381,304,0,127,15,20,0,127,379,152,86,92,65,90,21,30
1400000US25025140104,25025140104,"Census Tract 1401.04, Suffolk County, Massachusetts",5011,711,2006,447,2079,643,0,127,98,117,0,127,747,432,81,102,4,11,77,101
1400000US25025140201,25025140201,"Census Tract 1402.01, Suffolk County, Massachusetts",2481,320,1771,398,424,351,0,127,163,157,0,127,123,138,0,127,0,127,0,127
1400000US25025140202,25025140202,"Census Tract 1402.02, Suffolk County, Massachusetts",5746,548,2871,352,2073,400,0,127,148,193,0,127,431,403,223,167,42,68,181,156
1400000US25025140300,25025140300,"Census Tract 1403, Suffolk County, Massachusetts",6692,873,1670,451,4017,663,0,127,70,71,0,127,660,463,275,280,0,127,275,280
1400000US25025140400,25025140400,"Census Tract 1404, Suffolk County, Massachusetts",7498,625,1218,350,5038,701,110,138,133,139,0,127,664,429,335,219,144,183,191,150
1400000US25025150100,25025150100,"Census Tract 1501, Suffolk County, Massachusetts",476,377,193,142,211,175,0,127,0,127,0,127,67,67,5,8,5,8,0,127
1400000US25025160100,25025160100,"Census Tract 1601, Suffolk County, Massachusetts",7794,674,3922,726,794,359,0,127,10,18,0,127,867,395,2201,758,57,62,2144,760
1400000US25025160200,25025160200,"Census Tract 1602, Suffolk County, Massachusetts",3521,377,1665,385,104,139,0,127,94,63,0,127,395,202,1263,485,56,81,1207,488
1400000US25025160300,25025160300,"Census Tract 1603, Suffolk County, Massachusetts",2506,304,2014,254,162,138,0,127,50,67,0,127,41,44,239,268,18,32,221,267
1400000US25025160400,25025160400,"Census Tract 1604, Suffolk County, Massachusetts",2937,436,1501,506,151,107,0,127,31,33,0,127,648,471,606,311,191,259,415,213
1400000US25025160500,25025160500,"Census Tract 1605, Suffolk County, Massachusetts",9834,785,5867,891,401,237,0,127,351,360,0,127,1018,506,2197,771,116,115,2081,764
1400000US25025160600,25025160600,"Census Tract 1606, Suffolk County, Massachusetts",9574,890,6163,992,693,449,0,127,244,158,0,127,980,496,1494,686,0,127,1494,686
1400000US25025170100,25025170100,"Census Tract 1701, Suffolk County, Massachusetts",6925,548,6066,512,148,116,78,130,156,147,0,127,162,120,315,345,9,15,306,345
1400000US25025170200,25025170200,"Census Tract 1702, Suffolk County, Massachusetts",5174,535,4227,371,26,33,0,127,449,474,0,127,148,146,324,189,77,111,247,210
1400000US25025170300,25025170300,"Census Tract 1703, Suffolk County, Massachusetts",8445,670,6960,683,409,341,0,127,290,101,0,127,636,510,150,105,26,30,124,97
1400000US25025170400,25025170400,"Census Tract 1704, Suffolk County, Massachusetts",5004,581,4618,688,116,146,0,127,132,125,0,127,127,131,11,19,0,127,11,19
1400000US25025170500,25025170500,"Census Tract 1705, Suffolk County, Massachusetts",6763,610,5310,675,491,398,117,159,135,82,0,127,644,488,66,67,13,20,53,66
1400000US25025170600,25025170600,"Census Tract 1706, Suffolk County, Massachusetts",5093,513,3596,593,107,145,0,127,241,224,0,127,1010,389,139,237,0,127,139,237
1400000US25025170700,25025170700,"Census Tract 1707, Suffolk County, Massachusetts",8118,653,4406,719,638,356,23,37,1471,333,0,127,1154,537,426,327,68,68,358,319
1400000US25025170800,25025170800,"Census Tract 1708, Suffolk County, Massachusetts",5033,515,4603,529,133,144,75,121,120,137,0,127,43,41,59,99,59,99,0,127
1400000US25025180100,25025180100,"Census Tract 1801, Suffolk County, Massachusetts",4827,353,4102,479,223,202,0,127,63,80,0,127,266,191,173,148,103,142,70,60
1400000US25025180200,25025180200,"Census Tract 1802, Suffolk County, Massachusetts",4137,429,3751,410,0,127,10,11,16,26,0,127,243,270,117,86,40,50,77,69
1400000US25025180300,25025180300,"Census Tract 1803, Suffolk County, Massachusetts",3139,236,3035,283,0,127,5,9,0,127,0,127,25,37,74,107,74,107,0,127
1400000US25025180400,25025180400,"Census Tract 1804, Suffolk County, Massachusetts",2041,227,1664,273,0,127,0,127,0,127,0,127,82,110,295,159,0,127,295,159
1400000US25025180500,25025180500,"Census Tract 1805, Suffolk County, Massachusetts",4461,284,4096,310,57,48,0,127,70,66,0,127,128,111,110,77,13,21,97,73
